row_id,genre_id,name,description
genres_0,Q102260466,body horror film,horror film subgenre that relies on the destruction or violation of the body for shock effect
genres_1,Q102429885,coming-of-age film,film genre
genres_2,Q102706436,magic realist film,film in which fantastic or mythical elements are included in a narrative that is otherwise realistic
genres_3,Q1033891,martial arts film,subgenre of action films
genres_4,Q104097073,transgender film,film about the transgender experience
genres_5,Q104559206,biographical drama film,film genre
genres_6,Q1047337,genre art,art genre that depicts scenes from everyday life
genres_7,Q10475300,puppet film,live-action or animated film featuring puppets
genres_8,Q104765957,time-travel film,film genre about displacing oneself in time in order to observe the past or the future
genres_9,Q104902646,folk horror film,film genre
genres_10,Q105320349,gay-related film,film genre related to gay men
genres_11,Q1054574,romance film,film genre
genres_12,Q1065444,kaiju,giant movie monster
genres_13,Q10654943,knight film,film genre
genres_14,Q10663882,science fiction horror film,film subgenre
genres_15,Q1067324,exploitation film,"film that exploits current trends, niche genres, or lurid content"
genres_16,Q107397740,supernatural thriller,subgenre of thrillers
genres_17,Q107736421,soundtrack,music genre
genres_18,Q1077883,biopunk,subgenre of science fiction
genres_19,Q1080374,science fantasy,science fiction genre
genres_20,Q108084492,arthouse science fiction film,film genre
genres_21,Q108102008,psychological drama,genre combining drama with psychological elements
genres_22,Q108212954,ice hockey film,type of sports film
genres_23,Q108280930,horror western,fiction genre
genres_24,Q108466999,comedy horror film,film genre
genres_25,Q1092460,surreal humour,form of humour
genres_26,Q109626272,natural horror film,subgenre of horror films that features natural forces
genres_27,Q109629396,psychological horror film,film genre
genres_28,Q109733294,erotic thriller film,film genre
genres_29,Q109733304,psychological thriller film,film genre
genres_30,Q109733333,political thriller film,film genre
genres_31,Q109733358,music-themed film,film genre
genres_32,Q109733630,police procedural film,film genre and theme
genres_33,Q110593123,music documentary film,film genre
genres_34,Q1108032,mumblecore,film subgenre
genres_35,Q110876331,lesbian-related film,film genre related to lesbian
genres_36,Q111278985,American football film,type of sport film
genres_37,Q111279477,athletics film,type of sport film
genres_38,Q111984153,young adult fiction,genre of fiction made to appeal to adolescents and young adults
genres_39,Q112110143,marionette film,film using marionettes
genres_40,Q112633637,environmental film,film genre about environmental topics
genres_41,Q11304653,suspense film,film characterized by suspense
genres_42,Q113485322,crime drama film,film genre
genres_43,Q1135802,art film,film genre
genres_44,Q113930130,biographical sports film,sports-themed biographical film
genres_45,Q11399,rock music,popular music genre
genres_46,Q11417,martial arts,codified systems and traditions of combat practices
genres_47,Q114413232,gothic horror film,film genre
genres_48,Q1146335,teen film,"film genre, the films usually involve adolesent characters and/or made for viewers of the same age"
genres_49,Q115122793,Christian film,film genre
genres_50,Q116456802,war drama,film subgenre
genres_51,Q116513497,period film,film genre
genres_52,Q116514801,historical drama film,film genre
genres_53,Q116918819,Halloween film,film theme
genres_54,Q117536422,romantic drama film,"film genre, where plot usually revolves around an obstacle that prevents deep and true love between two people"
genres_55,Q117830868,sports drama,genre of fiction
genres_56,Q118612349,romantic comedy film,film in the romantic comedy genre
genres_57,Q1190502,surrealist film,film genre
genres_58,Q1194365,pink film,Japanese erotic cinema
genres_59,Q1196408,historical fiction,story that is set in the past; film and literary genre
genres_60,Q1200678,mystery film,sub-genre of the more general category of crime film and at times the thriller genre
genres_61,Q12049743,romantic horror film,
genres_62,Q120706000,speculative fiction comedy,fiction genre
genres_63,Q122150116,military film,films that feature the military lifestyle and loyalty to the armed forces and its codes and are generally set during peacetime.
genres_64,Q122360343,psychological film,"films in which the thoughts, feelings, and motivations of the characters are of equal or greater interest than the external action of the narrative"
genres_65,Q122813146,novellefilm,short fiction film
genres_66,Q123517983,domestic thriller,specific sub-genre of the broad-ranged thriller
genres_67,Q12410174,student film,film created by a student as part of an academic program
genres_68,Q125719481,lesbian pornographic film,genre of pornographic film featuring lesbian characters
genres_69,Q1259759,miniseries,TV shows or series that have a predetermined number of episodes
genres_70,Q126678330,aqua-musical,Hollywood genre of the 1940's and 1950's
genres_71,Q127738900,teen horror film,film genre
genres_72,Q127739154,teen drama film,film genre
genres_73,Q128145358,gay pornographic film,erotic or sexually explicit film featuring gay male characters
genres_74,Q128758,satire,literary and art genre with a style of humor based on parody
genres_75,Q12912091,fiction film,"film that tells a fictional or fictionalized story, event or narrative"
genres_76,Q130130466,sword and sorcery film,film genre
genres_77,Q130232,drama film,film genre
genres_78,Q1321123,plot twist,narrative technique
genres_79,Q132311,fantasy,"genre of speculative fiction set in a fictional universe, often inspired by real world myth and folklore"
genres_80,Q132803402,white savior film,film genre: film in which a white protagonist heroically comes into the picture to the save a person or group of people of color from their plight or struggle
genres_81,Q1339864,sport film,film genre
genres_82,Q1341051,post-apocalyptic film,film genre
genres_83,Q1342372,monster film,film genre
genres_84,Q135332725,medical-themed film,film genre; fiction or nonfiction film that features medical personnel and the practice of medicine
genres_85,Q1361932,family film,film genre; films intended for a family audience of all ages
genres_86,Q1366112,drama television series,television series genre
genres_87,Q1377546,nunsploitation,film genre
genres_88,Q138603203,satirical film,film genre
genres_89,Q138831212,adult animated film,film genre
genres_90,Q139545448,desire horror fiction,subgenre of horror fiction
genres_91,Q139679056,Sinterklaas film,Dutch and Flemish film genre centered on the Sinterklaas tradition
genres_92,Q1433443,sword-and-sandal film,genre of largely Italian-made historical or biblical epic films
genres_93,Q1436734,adventure,exciting or unusual experience
genres_94,Q145806,stand-up comedy,comedy style where the performer addresses the audience directly
genres_95,Q147516,magic realism,style of literary fiction and art
genres_96,Q1494434,whodunit,"complex, plot-driven variety of the detective story in which the audience is given the opportunity to engage in the same process of deduction as the protagonist throughout the investigation of a crime"
genres_97,Q15062348,dystopian fiction,genre of fiction
genres_98,Q15286013,comedy anime and manga,anime and manga genre
genres_99,Q1535153,superhero film,film genre
genres_100,Q1548170,musical comedy,musical stage performance of a comedic nature with spoken dialogue
genres_101,Q157394,fantasy film,film genre
genres_102,Q157443,comedy film,genre of film in which the main emphasis is on humour
genres_103,Q15804095,culture clash comedy,film genre
genres_104,Q15858553,wuxia film,film genre
genres_105,Q15898171,survival film,film genre in which one or more characters make an effort at physical survival
genres_106,Q16254232,pornographic parody film,pornography genre
genres_107,Q16538713,chase film,film genre
genres_108,Q16950433,comedy thriller,genre of fiction
genres_109,Q169672,samurai cinema,film genre
genres_110,Q17013749,historical film,film genre
genres_111,Q17075792,poverty porn,"exploitative or sensational portrayal of poverty used to elicit sympathy, donations, or support"
genres_112,Q17112331,slapstick film,film genre
genres_113,Q1723850,cannibal film,film genre
genres_114,Q172980,Western film,genre of films set primarily in the 19th century American West
genres_115,Q1740789,poliziotteschi,genre of Italian crime films
genres_116,Q174526,cyberpunk,dystopian science fiction genre in a futuristic setting
genres_117,Q1747837,zombie comedy,film and television genre
genres_118,Q1760864,nature documentary,film and television genre
genres_119,Q1770859,absurdist fiction,genre of fictional narrative that focuses on the experiences of characters in situations where they cannot find any inherent purpose in life
genres_120,Q1776156,girls with guns,sub-genre of action films and animation that portrays a female protagonist who makes use of firearms to defend against or attack a group of antagonists
genres_121,Q1777448,hardcore pornography,explicit graphical depictions of sexual acts
genres_122,Q1786567,medical drama,television drama program where events center around a medical environment
genres_123,Q1788980,crime comedy film,film genre
genres_124,Q1800833,rockumentary,neologism denoting a documentary about rock music or its musicians
genres_125,Q182015,thriller,genre of fiction
genres_126,Q18355406,satanic film,"subgenre of horror film that involves the Devil as a concept or a character, with commons themes such as the Antichrist, demonic possession, exorcism, and witchcraft"
genres_127,Q18450913,high school film,film genre
genres_128,Q185529,pornographic film,film genre that represents sexually explicit visual material primarily in order to titillate the viewer
genres_129,Q185867,film noir,film genre/style usually deployed in mystery and police procedural detective crime films
genres_130,Q186424,detective fiction,subgenre of crime fiction and mystery fiction in which an investigator or a detective investigates a crime
genres_131,Q188473,action film,film genre
genres_132,Q191489,melodrama,dramatic work that exaggerates plot and characters in order to appeal to the emotions
genres_133,Q1919632,melodrama,film genre characterized by its emphasis on intense and exaggerated emotions and heightened dramatic situations
genres_134,Q192881,tragicomedy,genre of drama and literature
genres_135,Q1935609,propaganda film,film made to sway public opinion in favor of a nationalist or corporate agenda
genres_136,Q19367312,crime thriller film,film genre
genres_137,Q193979,farce,theatrical comedy genre
genres_138,Q1941707,mockbuster,film genre
genres_139,Q1957385,cinematic fairy tale,film based on fairytale
genres_140,Q197949,post-apocalyptic fiction,genre of fiction depicting the aftermath of a catastrophe that destroys human civilization
genres_141,Q19952572,romantic television drama,television genre
genres_142,Q1999690,sword and sorcery,genre of fantasy fiction
genres_143,Q2000136,softcore pornography,erotic still photography or film that is less sexually explicit than hardcore pornography
genres_144,Q20002651,trick film,"in early cinema, short silent films designed to feature innovative special effects"
genres_145,Q200092,horror film,film genre
genres_146,Q20089346,science fiction animation,science fiction work in animation
genres_147,Q202866,animated film,"film for the cinema, television or computer screen that is made by using drawings, stop motion or computer animation"
genres_148,Q20442589,LGBTQ-related film,"film genre dealing with homosexuality, bisexuality, trans, or related topics"
genres_149,Q20443008,dystopian film,film genre
genres_150,Q205049,world music,"umbrella term for traditional, indigenous, popular or art music, not following North American or British popular and folk traditions"
genres_151,Q20656232,science fiction action film,film genre
genres_152,Q20656352,alternate history film,film genre
genres_153,Q208555,parable,short didactic story which illustrates one or more instructive lessons or principles
genres_154,Q20965835,adult video in Japan,pornographic genre
genres_155,Q2096633,pirate film,film genre
genres_156,Q21010853,drama fiction,genre of narrative fiction revolving around human inner feelings
genres_157,Q2101714,police film,film genre about police investigations
genres_158,Q21192427,crossover fiction,"placement of two or more otherwise discrete fictional characters, settings, or universes into the context of a single story"
genres_159,Q212781,Spaghetti Western,film genre
genres_160,Q2137852,vampire film,film genre
genres_161,Q21401869,flashback film,film genre
genres_162,Q2143665,children's film,film genre
genres_163,Q21802675,adventure fiction,"genre of fiction that typically involves danger, excitement, and unusual or risky experiences"
genres_164,Q21858363,psychedelic film,film genre characterized by the influence of psychedelia and the experiences of psychedelic drugs
genres_165,Q222639,swashbuckler film,subgenre of the action film genre
genres_166,Q222926,comedy of manners,theatrical and literary genre
genres_167,Q223770,B movie,film genre
genres_168,Q224700,comedy horror,fiction genre that blends elements of horror and comedy
genres_169,Q224989,alternate history,"genre of speculative fiction, where one or more historical events occur differently"
genres_170,Q2254193,rape and revenge film,subgenre of exploitation film
genres_171,Q226730,silent film,film with no synchronized recorded dialogue
genres_172,Q2275499,sex film,
genres_173,Q2292320,sexploitation film,"genre of independently produced, low-budget feature films"
genres_174,Q2297927,spy film,film genre
genres_175,Q22981906,treasure hunt film,film genre
genres_176,Q2389651,children's music,music mainly intended for children
genres_177,Q2421031,neo-noir,film genre; modern form of film noir
genres_178,Q2439025,erotic thriller,thriller subgenre
genres_179,Q2447078,alien invasion,common theme in science fiction stories and film
genres_180,Q2484376,thriller film,film genre that evokes excitement and suspense in the audience
genres_181,Q248583,screwball comedy film,principally American genre of comedy film
genres_182,Q24862,short film,any film not long enough to be considered a feature film
genres_183,Q24869,feature film,film with a full-length running time
genres_184,Q24885274,gay romance,literature genre
genres_185,Q2490520,legal thriller,fiction genre
genres_186,Q24925,science fiction,genre of fiction
genres_187,Q24960157,non-fiction film,"film which is meant to be educational or informational, including films of a documentary nature and films which have scientific, industrial, or practical use"
genres_188,Q25110269,live-action/animated film,film combining live-action and animated elements
genres_189,Q253137,rock opera,"work of rock music that presents a storyline told over multiple parts, songs or sections"
genres_190,Q25533274,detective film,film genre
genres_191,Q2561438,slice of life,depiction of everyday experience in art and entertainment
genres_192,Q2584671,Japanese horror,films of the horror genre with a decidedly Eastern and specifically Japanese style
genres_193,Q2642760,vigilante film,film genre
genres_194,Q2678111,action comedy film,film genre
genres_195,Q275934,tokusatsu,Japanese film and television genre
genres_196,Q279060,robinsonade,"literary genre with the themes of Isolation (e.g. desert island, virgin planet), a new beginning for some of the characters and encounters with natives or apparent natives"
genres_197,Q28026639,Christmas film,film genre associated with Christmas
genres_198,Q28192631,Romanian historical film,Wikimedia list article
genres_199,Q2864737,religious art,genre of art that is religious in theme
genres_200,Q2973181,speculative fiction film,film genre
genres_201,Q2973201,political film,fiction or non-fiction films on political themes
genres_202,Q2975633,coming-of-age fiction,"genre of literature, film, and video that focuses on the growth of a protagonist from youth to adulthood"
genres_203,Q2991560,sex comedy,genre in which comedy is motivated by sexual situations and love affairs
genres_204,Q3028680,Masala film,Movie genre in India
genres_205,Q3038946,romantic drama,sub-type of theatrical genre which dwells on the elements of romantic love
genres_206,Q304538,Heimatfilm,film genre
genres_207,Q3072024,autobiographical film,film genre
genres_208,Q3072039,trial film,film genre
genres_209,Q3072042,kung fu film,film genre
genres_210,Q3072043,dance film,film in which dance is a central element in the narrative
genres_211,Q3072049,zombie film,subtype of monster film
genres_212,Q3076696,association football film,type of sport film
genres_213,Q317309,mental health,level of psychological well-being
genres_214,Q31888058,ghost film,film genre
genres_215,Q319221,adventure film,film genre
genres_216,Q326439,high fantasy,sub-genre of fantasy fiction defined by a fantastical setting
genres_217,Q3272147,found footage film,film genre
genres_218,Q3327002,medieval film,film set in a historical period in Europe
genres_219,Q3355734,metacinema,film genre
genres_220,Q336144,anthology film,feature film consisting of several different short films
genres_221,Q3442060,partisan film,film genre
genres_222,Q3461143,BDSM-themed film,film genre
genres_223,Q36279,biography,written account of a person's life
genres_224,Q3634883,supernatural film,film genre
genres_225,Q3641550,body horror,subgenre of horror that showcases graphic or psychologically disturbing violations of the human body
genres_226,Q3677206,Quinqui,Spanish film genre
genres_227,Q369747,war film,film genre depicting wars
genres_228,Q370630,web film,a film made with the medium of the Internet
genres_229,Q3745429,ninja film,film genre
genres_230,Q3990883,action thriller,fiction genre
genres_231,Q4075563,outlaw biker film,film genre
genres_232,Q40831,comedy,genre of art works intended to be humorous
genres_233,Q4235011,space Western,science fiction subgenre which uses the themes and tropes of Westerns within science fiction stories
genres_234,Q430525,concert film,audiovisual recording of a concert performance
genres_235,Q43911809,supernatural horror film,"subgenre of horror films, often centrally featuring ghosts or other supernatural elements"
genres_236,Q457832,stoner film,subgenre of comedy films
genres_237,Q459290,independent film,film production mostly or completely done outside of the major film studio system
genres_238,Q459435,mockumentary,film genre in which fictional events are presented in documentary style to create a parody
genres_239,Q4677832,actuality film,non-fiction film genre that uses footage of real events
genres_240,Q468478,space opera,subgenre of science fiction
genres_241,Q47009776,apocalyptic film,film genre
genres_242,Q471839,science fiction film,film genre
genres_243,Q472637,docufiction,film genre that combines documentary and fiction
genres_244,Q4774498,anti-war film,film genre
genres_245,Q491158,revisionist Western,Western film subgenre
genres_246,Q496523,heist film,film that has an intricate plot woven around a group of people trying to steal something
genres_247,Q4984974,buddy cop film,film genre with two or more police protagonists with conflicting personalities
genres_248,Q506240,television film,film format that is broadcast and distributed specifically for television networks.
genres_249,Q517386,live action,"cinematography, videography not produced using animation"
genres_250,Q5258881,werewolf film,film genre
genres_251,Q53094,black comedy,comic work that employs black humor or gallows humor
genres_252,Q531067,metafiction,genre of fiction about fiction
genres_253,Q5366097,school anime and manga,anime and manga genre
genres_254,Q542475,period drama film,film and television genre
genres_255,Q5442753,female buddy film,film genre
genres_256,Q55995,Naturalism,art movement
genres_257,Q576131,classical antiquity film,film genre
genres_258,Q5769663,Gothic film,film genre
genres_259,Q5774663,historical play,theatrical work based on historical events
genres_260,Q5778909,comical satyre,
genres_261,Q5778924,black comedy film,film genre
genres_262,Q580850,techno-thriller,thriller sub-genre with high level of technical detail
genres_263,Q5814190,rural drama,
genres_264,Q586250,prison film,film genre concerned with prison life and often prison escape
genres_265,Q5897543,hood film,film genre originating in the United States
genres_266,Q590103,psychological thriller,specific sub-genre of the broad-ranged thriller
genres_267,Q599558,erotic film,film genre
genres_268,Q604725,psychological horror fiction,subgenre of horror fiction
genres_269,Q60753838,screenlife,film subgenre where the action takes place entirely on a screen of a computer or a smartphone
genres_270,Q622291,political thriller,thriller that is set against the backdrop of a political power struggle
genres_271,Q622310,heroic bloodshed,film genre
genres_272,Q622370,docudrama,documentary genre that features dramatized re-enactments of actual events
genres_273,Q622548,parody film,film genre
genres_274,Q622812,talk show,"a television programming, radio programming and podcast genre structured around the act of spontaneous conversation"
genres_275,Q624771,slapstick,style of comedy
genres_276,Q628165,road movie,film genre in which the main characters leave home on a road trip
genres_277,Q629917,Jidaigeki,"Japanese film, TV, games, and theatre genre"
genres_278,Q63214877,psychological drama film,film genre
genres_279,Q63860397,steampunk film,film genre
genres_280,Q643684,jukebox musical,stage or film musical compiled from pre-existing songs
genres_281,Q643873,legal drama,"genre of film, television and theatre"
genres_282,Q645928,biographical film,film genre; dramatizes the life of an actual person or people
genres_283,Q65224847,family drama film,film genre
genres_284,Q652256,epic film,"film genre with large scale, sweeping scope, and spectacle"
genres_285,Q6585139,mystery fiction,"genre of fiction where nature of an event, usually a murder or other crime, remains mysterious until the end of the story"
genres_286,Q663106,buddy film,"film genre in which two people of the same sex (historically men) are non-romantically paired, with a contrast in personality, sometimes accentuated by an ethnic difference between the two"
genres_287,Q699,fairy tale,fictional story typically featuring folkloric fantasy characters and magic
genres_288,Q7168625,historical drama,"dramatic work of art set in, or reminiscent of, an earlier time period"
genres_289,Q7207520,poetry film,film genre
genres_290,Q7210294,political drama,film or TV program that has a political component
genres_291,Q7225114,political satire,genre of satire that specializes in gaining entertainment from politics
genres_292,Q725757,hard science fiction,"science fiction with emphasis on scientific or technical detail, or on scientific accuracy"
genres_293,Q731194,yakuza film,film genre
genres_294,Q7362831,romantic thriller,genre that involves romance and thriller
genres_295,Q7433678,science fiction Western,fiction genre
genres_296,Q7444356,gangster film,film genre
genres_297,Q754803,wuxia,"genre of Chinese fiction (novels, films, etc.)"
genres_298,Q7551110,social film,
genres_299,Q7551315,social problem film,film genre
genres_300,Q761469,science fiction comedy,sub-genre of science fiction
genres_301,Q7644030,supernatural fiction,"genre of fiction, that refers to phenomena that are forever outside the realm of scientific explanation, such as god, the afterlife, and the soul"
genres_302,Q7645884,surf film,film genre
genres_303,Q7717463,Bible film,depiction of characters and events from the Bible in film
genres_304,Q775344,teen drama television,television genre
genres_305,Q7835362,transgender pornography,pornography genre featuring transgender performers
genres_306,Q78461348,action-adventure film,film genre
genres_307,Q78528852,contemporary Western film,genre of film
genres_308,Q790192,experimental film,cinematic works that are experimental form or content
genres_309,Q794912,dark fantasy,subgenre of fantasy
genres_310,Q80930,tragedy,form of drama based on human suffering that invokes an accompanying catharsis or pleasure in audiences
genres_311,Q814158,Japanese mythology,mythology
genres_312,Q819652,mountain film,film genre focusing on mountaineering
genres_313,Q8253,fiction,"genre and narrative form, in any medium, consisting of people, events, or places that are imaginary—in other words, not based strictly on history or fact"
genres_314,Q83267,crime,unlawful act punishable by an authority
genres_315,Q842256,musical film,film genre
genres_316,Q846544,disaster film,film genre
genres_317,Q853630,slasher film,"subgenre of horror films involving a violent psychopath stalking and murdering a group of people, usually by use of bladed tools"
genres_318,Q85805416,techno-horror,genre of fiction
genres_319,Q859369,comedy drama,"genre of theatre, film, and television"
genres_320,Q860626,romantic comedy,"genre of dramatic works (such as plays, films, and television series)"
genres_321,Q863402,machinima,use of real-time computer graphics engines to create a cinematic production
genres_322,Q8812380,pseudo-documentary,documentary genre that features fictional characters and events
genres_323,Q883179,blaxploitation film,film genre
genres_324,Q895583,boxing film,film depicting the sport of boxing
genres_325,Q904447,military science fiction,science fiction subgenre
genres_326,Q909586,splatter film,subgenre of horror film
genres_327,Q911654,Duqu,"computer malware discovered on September 2011, thought to be related to the Stuxnet worm"
genres_328,Q919036,retrofuturism,movement in the creative arts showing the influence of depictions of the future produced in an earlier era
genres_329,Q9259727,religious film,film genre
genres_330,Q93196,Bollywood,"Hindi-language film industry based in Mumbai, Maharashtra, India"
genres_331,Q93204,documentary film,nonfictional motion picture
genres_332,Q9326077,speculative fiction,"umbrella genre of fiction that departs from realism, comprising science fiction, horror, fantasy, alternative history, post-apocalyptic, gothic, superhero fiction etc."
genres_333,Q944250,social science fiction,science fiction subgenre
genres_334,Q951349,photo comics,comic genre
genres_335,Q95440291,fantasy comedy film,film genre
genres_336,Q95952108,social comedy film,film genre
genres_337,Q959790,crime film,film genre
