movie_id,title,description,release_date,duration,year
Q1001863,Chronicle of an Escape,2005 film by Adrián Caetano,2005-01-01T00:00:00Z,103.0,2005
Q1001863,Chronicle of an Escape,2005 film by Adrián Caetano,2005-01-01T00:00:00Z,105.0,2005
Q10041645,On the Mountain of Tai Hang,2005 Chinese film by Chen Jian,2005-08-15T00:00:00Z,117.0,2005
Q1004710,The River King,2005 film by Nick Willing,2005-01-01T00:00:00Z,99.0,2005
Q101189470,Ashes and Snow,2005 film directed by Gregory Colbert,2005-01-01T00:00:00Z,62.0,2005
Q101436972,50 Cent: Refuse 2 Die,"2005 film directed by Mike Corbera, Rick Underhill",2005-11-08T00:00:00Z,82.0,2005
Q1015942,Turtles Are Surprisingly Fast Swimmers,2005 film by Satoshi Miki,2005-07-02T00:00:00Z,90.0,2005
Q1018477,Bye bye Berlusconi!,2005 film by Jan Henrik Stahlberg,2005-01-01T00:00:00Z,89.0,2005
Q1018486,Bye Bye Blackbird,2005 film by Robinson Savary,2005-05-15T00:00:00Z,99.0,2005
Q1018486,Bye Bye Blackbird,2005 film by Robinson Savary,2005-01-01T00:00:00Z,99.0,2005
Q102225,Harry Potter and the Goblet of Fire,2005 film directed by Mike Newell,2005-11-30T00:00:00Z,151.0,2005
Q102225,Harry Potter and the Goblet of Fire,2005 film directed by Mike Newell,2005-11-18T00:00:00Z,151.0,2005
Q102225,Harry Potter and the Goblet of Fire,2005 film directed by Mike Newell,2005-11-16T00:00:00Z,151.0,2005
Q102225,Harry Potter and the Goblet of Fire,2005 film directed by Mike Newell,2005-11-06T00:00:00Z,151.0,2005
Q1022379,C.R.A.Z.Y.,2005 film directed by Jean-Marc Vallée,2005-05-27T00:00:00Z,127.0,2005
Q102389909,Shadows of the Deceased,Czech 2005 war film,2005-01-01T00:00:00Z,126.0,2005
Q10261480,Delicate Crime,2005 film by Beto Brant,2005-09-11T00:00:00Z,87.0,2005
Q1027175,The Wedding Date,2005 film directed by Clare Kilner,2005-01-01T00:00:00Z,86.0,2005
Q1027834,The Cave,2005 film directed by Bruce Hunt,2005-08-26T00:00:00Z,97.0,2005
Q1028206,Lucky 13,2005 film,2005-01-01T00:00:00Z,95.0,2005
Q10287994,Gaijin - Ama-me Como Sou,2005 film by Tizuka Yamasaki,2005-09-02T00:00:00Z,130.0,2005
Q10288958,George Michael: A Different Story,2005 film by Southan Morris,2005-08-26T00:00:00Z,93.0,2005
Q10288958,George Michael: A Different Story,2005 film by Southan Morris,2005-08-18T00:00:00Z,93.0,2005
Q10288958,George Michael: A Different Story,2005 film by Southan Morris,2005-02-19T00:00:00Z,93.0,2005
Q1029510,Kamen Rider Hibiki & The Seven Senki,2005 film by Tarō Sakamoto,2005-09-03T00:00:00Z,90.0,2005
Q1029789,Camp Cuddly Pines Powertool Massacre,2005 film by Jonathan Morgan,2005-01-01T00:00:00Z,151.0,2005
Q1030508,Max Steel: Forces of Nature,2005 film by Sean Sullivan,2005-01-01T00:00:00Z,52.0,2005
Q10307637,Jogo Subterrâneo,2005 film,2005-04-01T00:00:00Z,109.0,2005
Q1031257,Empire of the Wolves,2005 film directed by Chris Nahon,2005-01-01T00:00:00Z,123.0,2005
Q10339136,The Fatalist,2005 film by João Botelho,2005-01-01T00:00:00Z,99.0,2005
Q10339154,The End and the Beginning,2005 film by Eduardo Coutinho,2005-01-01T00:00:00Z,110.0,2005
Q10339247,The Man Who Copied,2003 film by Jorge Furtado,2005-09-01T00:00:00Z,123.0,2005
Q10387384,A Shot in the Dark,2005 film by Leonel Vieira,2005-01-01T00:00:00Z,105.0,2005
Q10397251,27 sekundmeter snö,2005 film,2005-01-01T00:00:00Z,180.0,2005
Q10420531,Asta Nilsson's Company,2005 film by Marie-Louise Ekman,2005-04-15T00:00:00Z,81.0,2005
Q10420531,Asta Nilsson's Company,2005 film by Marie-Louise Ekman,2005-02-05T00:00:00Z,81.0,2005
Q1042145,Perhaps Love,2005 film by Peter Chan,2005-12-23T00:00:00Z,108.0,2005
Q1042145,Perhaps Love,2005 film by Peter Chan,2005-12-08T00:00:00Z,108.0,2005
Q1042145,Perhaps Love,2005 film by Peter Chan,2005-12-01T00:00:00Z,108.0,2005
Q1042145,Perhaps Love,2005 film by Peter Chan,2005-09-10T00:00:00Z,108.0,2005
Q1042145,Perhaps Love,2005 film by Peter Chan,2005-09-01T00:00:00Z,108.0,2005
Q1045388,Night Watch,2004 film by Timur Bekmambetov,2005-09-02T00:00:00Z,115.0,2005
Q1045388,Night Watch,2004 film by Timur Bekmambetov,2005-09-01T00:00:00Z,115.0,2005
Q10465267,New York Doll,2005 film by Greg Whiteley,2005-01-01T00:00:00Z,,2005
Q1046841,Vanity Fair,2004 film directed by Mira Nair,2005-03-31T00:00:00Z,141.0,2005
Q104856229,Once Upon a Mattress,2005 TV film,2005-01-01T00:00:00Z,,2005
Q104894628,Beethoven's Hair,film directed by Larry Weinstein,2005-01-01T00:00:00Z,90.0,2005
Q104894696,Psí kus,film directed by Mirek Balajka,2005-01-01T00:00:00Z,79.0,2005
Q104895146,Run with Fear,film directed by Lloyd A. Simandl,2005-01-01T00:00:00Z,96.0,2005
Q1049095,Rent,2005 film by Chris Columbus,2005-01-01T00:00:00Z,135.0,2005
Q10500605,Four Weeks in June,2005 film by Henry Meyer,2005-01-01T00:00:00Z,100.0,2005
Q10509989,Gröna gubbar från Y.R.,1986 film by Hans Hatwig,2005-07-27T00:00:00Z,85.0,2005
Q10518329,Harrys döttrar,2005 film by Richard Hobert,2005-01-01T00:00:00Z,106.0,2005
Q10539546,Jane Bomb,2004 film by Mike Beck,2005-03-04T00:00:00Z,81.0,2005
Q10539546,Jane Bomb,2004 film by Mike Beck,2005-03-04T00:00:00Z,119.0,2005
Q10546874,The Chef,Swedish 2005 film directed by Mats Arehn,2005-02-25T00:00:00Z,116.0,2005
Q10546874,The Chef,Swedish 2005 film directed by Mats Arehn,2005-01-28T00:00:00Z,116.0,2005
Q10566476,Winners and Losers,Swedish 2005 film by Kjell Sundvall,2005-01-01T00:00:00Z,,2005
Q1056740,Romanzo Criminale,2005 film by Michele Placido,2005-09-30T00:00:00Z,152.0,2005
Q1057774,Noriko's Dinner Table,2005 film by Sion Sono,2005-01-01T00:00:00Z,159.0,2005
Q1057951,Persona non grata,2005 film directed by Krzysztof Zanussi,2005-01-01T00:00:00Z,113.0,2005
Q1058019,Gente di Roma,2003 film by Ettore Scola,2005-01-20T00:00:00Z,100.0,2005
Q1058146,Monamour,2005 film by Tinto Brass,2005-01-01T00:00:00Z,98.0,2005
Q10600955,Nina's Journey,2005 film by Lena Einhorn,2005-11-04T00:00:00Z,120.0,2005
Q1062533,Chaos,2005 film by Tony Giglio,2005-12-15T00:00:00Z,106.0,2005
Q10632368,Pistvakt,2005 film directed by Stephan Apelgren,2005-10-07T00:00:00Z,91.0,2005
Q1064838,The Family Stone,2005 film directed by Thomas Bezucha,2005-12-16T00:00:00Z,99.0,2005
Q1064838,The Family Stone,2005 film directed by Thomas Bezucha,2005-12-15T00:00:00Z,99.0,2005
Q1064838,The Family Stone,2005 film directed by Thomas Bezucha,2005-01-01T00:00:00Z,99.0,2005
Q1066199,Linda Linda Linda,2005 film by Nobuhiro Yamashita,2005-07-23T00:00:00Z,114.0,2005
Q10673456,Som man bäddar...,2005 film by Maria Essén,2005-01-01T00:00:00Z,,2005
Q10678056,One Step Behind,2005 film by Birger Larsen,2005-06-26T00:00:00Z,101.0,2005
Q10680449,Stockholm Boogie,2005 film by John Lindgren,2005-01-01T00:00:00Z,,2005
Q106819,Veer-Zaara,2004 film directed by Yash Chopra,2005-06-02T00:00:00Z,190.0,2005
Q10682503,Styckmordet,2005 Swedish drama documentary film directed by Claes J.B. Löfgren,2005-05-14T00:00:00Z,,2005
Q1070030,Break Through!,2005 film by Kazuyuki Izutsu,2005-01-01T00:00:00Z,118.0,2005
Q10712545,Carambole,2005 film by Daniel Lind Lagerlöf,2005-08-19T00:00:00Z,102.0,2005
Q10712547,Münsters fall,2005 film by Rickard Petrelius,2005-01-01T00:00:00Z,,2005
Q10713967,Venice Underground,2005 film directed by Eric DelaBarre,2005-01-01T00:00:00Z,93.0,2005
Q1073297,Kontroll,2003 film directed by Nimród Antal,2005-02-10T00:00:00Z,106.0,2005
Q1073297,Kontroll,2003 film directed by Nimród Antal,2005-01-14T00:00:00Z,106.0,2005
Q107756265,A Little Kiss,2005 film directed by Bahman Farmanara,2005-01-01T00:00:00Z,100.0,2005
Q10822396,Angel of the Lord,2005 Czech fantasy comedy film,2005-11-03T00:00:00Z,90.0,2005
Q1082924,Sky Fighters,2005 film by Gérard Pirès,2005-01-01T00:00:00Z,102.0,2005
Q10855467,Negotiator,2005 film by Katsuyuki Motohiro,2005-01-01T00:00:00Z,,2005
Q10855998,Wedding Campaign,2005 film,2005-11-23T00:00:00Z,,2005
Q10863644,Zoo,"2005 film directed by Masaki Adachi, Ryu Kaneda, Hiroshi Ando, Junpei Mizusaki, Komiya Masatetsu",2005-01-01T00:00:00Z,,2005
Q1087741,Chromophobia,2005 film by Martha Fiennes,2005-05-21T00:00:00Z,136.0,2005
Q1089183,The Lost Angel,2005 film,2005-01-01T00:00:00Z,99.0,2005
Q10967433,The Seventh Sense,2005 film by Ahmed Mekky,2005-01-01T00:00:00Z,110.0,2005
Q1100832,Mortadelo & Filemon: The Big Adventure,2003 film by Javier Fesser,2005-02-10T00:00:00Z,88.0,2005
Q11016734,Abu Ali,2005 film by Ahmed Nader Galal,2005-01-01T00:00:00Z,,2005
Q1102366,Close,2004 film by Marcus Lenz,2005-10-06T00:00:00Z,90.0,2005
Q1104158,Coach Carter,2005 film directed by Thomas Carter,2005-04-07T00:00:00Z,136.0,2005
Q1104158,Coach Carter,2005 film directed by Thomas Carter,2005-01-14T00:00:00Z,136.0,2005
Q1105584,Code 46,2003 film directed by Michael Winterbottom,2005-03-03T00:00:00Z,92.0,2005
Q11098726,Sehar,2005 film by Kabeer Kaushik,2005-01-01T00:00:00Z,125.0,2005
Q11104558,Aisa Kyon Hota Hai,2006 Hindi film,2005-01-01T00:00:00Z,,2005
Q1110550,Off Beat,2004 film by Hendrik Hölzemann,2005-02-03T00:00:00Z,100.0,2005
Q1113329,Comandante,2003 film directed by Oliver Stone,2005-01-13T00:00:00Z,99.0,2005
Q111820544,Doblba!,2005 film directed by Petr Vachler,2005-09-29T00:00:00Z,112.0,2005
Q11187761,Ronda nocturna,2005 film by Edgardo Cozarinsky,2005-01-01T00:00:00Z,81.0,2005
Q11188437,Christmas in August,2005 film by Shunichi Nagasaki,2005-01-01T00:00:00Z,,2005
Q1120732,The Beast in the Heart,2005 film directed by Cristina Comencini,2005-01-01T00:00:00Z,120.0,2005
Q1123917,Prime,2005 film directed by Ben Younger,2005-01-01T00:00:00Z,105.0,2005
Q1124080,Hide and Seek,2005 film directed by John Polson,2005-04-07T00:00:00Z,101.0,2005
Q1124080,Hide and Seek,2005 film directed by John Polson,2005-01-01T00:00:00Z,101.0,2005
Q1125223,Confessions of a Pit Fighter,2005 film by Art Camacho,2005-01-01T00:00:00Z,95.0,2005
Q1126097,Pusher II,2004 film by Nicolas Winding Refn,2005-09-16T00:00:00Z,100.0,2005
Q112616,Words in Blue,2005 film by Alain Corneau,2005-01-01T00:00:00Z,115.0,2005
Q11278322,Madamada Abunai Deka,2005 film directed by Kunio Torii,2005-01-01T00:00:00Z,108.0,2005
Q1128194,Gruesome School Trip,2005 film by Pieter Kuijpers,2005-01-01T00:00:00Z,96.0,2005
Q112831,Colour Me Kubrick,2005 film by Brian W. Cook,2005-10-06T00:00:00Z,86.0,2005
Q1129449,Conversations with Other Women,2005 film by Hans Canosa,2005-01-01T00:00:00Z,84.0,2005
Q11301625,The Whispering of the Gods,2005 film by Tatsushi Ōmori,2005-01-01T00:00:00Z,107.0,2005
Q1130297,Into the Blue,2005 film by John Stockwell,2005-09-30T00:00:00Z,110.0,2005
Q1130512,The 9th Company,2005 film directed by Fyodor Bondarchuk,2005-09-29T00:00:00Z,130.0,2005
Q113052,Elizabethtown,2005 film by Cameron Crowe,2005-11-03T00:00:00Z,123.0,2005
Q113052,Elizabethtown,2005 film by Cameron Crowe,2005-01-01T00:00:00Z,123.0,2005
Q1131669,The Longest Yard,2005 film by Peter Segal,2005-09-22T00:00:00Z,113.0,2005
Q1131669,The Longest Yard,2005 film by Peter Segal,2005-05-19T00:00:00Z,113.0,2005
Q1133132,Green Street,2005 film directed by Lexi Alexander,2005-01-01T00:00:00Z,109.0,2005
Q1134037,Oskar & Josefine,2005 film by Carsten Myllerup,2005-10-07T00:00:00Z,83.0,2005
Q1134037,Oskar & Josefine,2005 film by Carsten Myllerup,2005-09-30T00:00:00Z,83.0,2005
Q1134037,Oskar & Josefine,2005 film by Carsten Myllerup,2005-02-11T00:00:00Z,83.0,2005
Q113453918,Kajola,2005 Nigerian film,2005-01-01T00:00:00Z,,2005
Q113454602,Olufunmi,2005 Nigerian film,2005-01-01T00:00:00Z,,2005
Q113458669,Sababi 2,2005 Nigerian film,2005-01-01T00:00:00Z,,2005
Q113458847,Owo Laso Oge,2005 Nigerian film,2005-01-01T00:00:00Z,,2005
Q113458984,Oyinade,2005 Nigerian film,2005-01-01T00:00:00Z,,2005
Q11370556,Rampo Noir,"2005 film by Akio Jissoji, Hisayasu Satō",2005-01-01T00:00:00Z,134.0,2005
Q1137811,Dirty,2005 film directed by Chris Fisher,2005-01-01T00:00:00Z,97.0,2005
Q1138510,Always Sanchōme no Yūhi,2005 film by Takashi Yamazaki,2005-11-05T00:00:00Z,133.0,2005
Q11387457,I Am,2005 film by Dorota Kędzierzawska,2005-11-04T00:00:00Z,93.0,2005
Q1138876,In Good Company,2004 film by Paul Weitz,2005-03-24T00:00:00Z,106.0,2005
Q1139491,12 and Holding,2005 film by Michael Cuesta,2005-09-01T00:00:00Z,94.0,2005
Q1139794,The 40-Year-Old Virgin,2005 film by Judd Apatow,2005-09-29T00:00:00Z,116.0,2005
Q1139794,The 40-Year-Old Virgin,2005 film by Judd Apatow,2005-08-19T00:00:00Z,116.0,2005
Q1139794,The 40-Year-Old Virgin,2005 film by Judd Apatow,2005-08-11T00:00:00Z,116.0,2005
Q11398239,Sazer-X the Movie,2005 film by Kazuki Ōmori,2005-01-01T00:00:00Z,,2005
Q11400802,Year One in the North,2005 film by Isao Yukisada,2005-01-15T00:00:00Z,170.0,2005
Q1141731,Manderlay,2005 film by Lars von Trier,2005-11-10T00:00:00Z,139.0,2005
Q1141731,Manderlay,2005 film by Lars von Trier,2005-05-16T00:00:00Z,139.0,2005
Q1142206,Cry Wolf,2005 film directed by Jeff Wadlow,2005-12-08T00:00:00Z,90.0,2005
Q1142206,Cry Wolf,2005 film directed by Jeff Wadlow,2005-01-01T00:00:00Z,90.0,2005
Q11425900,The Buried Forest,2005 Japanese film directed by Kōhei Oguri,2005-01-01T00:00:00Z,93.0,2005
Q11432457,Daiteiden no Yoru ni,2005 film by Takashi Minamoto,2005-01-01T00:00:00Z,,2005
Q11481561,A Carne é Fraca,2005 film,2005-01-01T00:00:00Z,54.0,2005
Q1148499,Stealth,2005 film by Rob Cohen,2005-01-01T00:00:00Z,116.0,2005
Q1148704,The Naked Brothers Band: The Movie,2005 film by Polly Draper,2005-01-01T00:00:00Z,84.0,2005
Q11515581,The Last Supper,2004 film,2005-02-12T00:00:00Z,,2005
Q1151947,The Life Aquatic with Steve Zissou,2004 film by Wes Anderson,2005-03-17T00:00:00Z,119.0,2005
Q1154898,Deepwater,2005 film directed by David S. Marfield,2005-01-01T00:00:00Z,93.0,2005
Q1156530,The Ringer,2005 film by Barry W. Blaustein,2005-01-01T00:00:00Z,94.0,2005
Q1157177,Evil Aliens,2005 film by Jake West,2005-01-01T00:00:00Z,90.0,2005
Q116235,The Beautiful City,2004 film by Asghar Farhadi,2005-01-21T00:00:00Z,98.0,2005
Q1164493,Storm,2005 film by Måns Mårlind,2005-01-01T00:00:00Z,111.0,2005
Q1165633,Racing Stripes,2005 film by Frederik Du Chau,2005-03-10T00:00:00Z,98.0,2005
Q1165633,Racing Stripes,2005 film by Frederik Du Chau,2005-01-06T00:00:00Z,98.0,2005
Q1166244,Dark Water,2005 film by Walter Salles,2005-09-22T00:00:00Z,105.0,2005
Q1166244,Dark Water,2005 film by Walter Salles,2005-06-27T00:00:00Z,105.0,2005
Q1167735,Assault on Precinct 13,2005 film by Jean-François Richet,2005-01-19T00:00:00Z,109.0,2005
Q116905,Lemony Snicket's A Series of Unfortunate Events,2004 adventure film directed by Brad Silberling,2005-01-27T00:00:00Z,108.0,2005
Q11694069,Diabel,2005 film by Tomasz Szafrański,2005-01-01T00:00:00Z,40.0,2005
Q1169717,Sylvia,2003 film by Christine Jeffs,2005-01-06T00:00:00Z,110.0,2005
Q1169835,The Girl on the Broomstick,1972 film by Václav Vorlíček,2005-10-15T00:00:00Z,76.0,2005
Q1170777,Alone,2004 film by Thomas Durchschlag,2005-07-28T00:00:00Z,88.0,2005
Q1171320,The Greatest Game Ever Played,2005 film by Bill Paxton,2005-09-30T00:00:00Z,120.0,2005
Q1171541,Two for the Money,2005 film by D. J. Caruso,2005-10-07T00:00:00Z,122.0,2005
Q1171769,The Man on the Train,2002 film by Patrice Leconte,2005-11-24T00:00:00Z,90.0,2005
Q11739640,Mr. Harvey Lights a Candle,2005 film directed by Susanna White,2005-01-01T00:00:00Z,85.0,2005
Q11740645,The Lovers of Marona,2005 film by Izabella Cywińska,2005-09-14T00:00:00Z,107.0,2005
Q11750103,The Sun King,2005 film by Tomas Villum Jensen,2005-02-11T00:00:00Z,87.0,2005
Q11750477,The Shutka Book of Records,2005 documentary film by Aleksandar Manić,2005-11-03T00:00:00Z,78.0,2005
Q11750477,The Shutka Book of Records,2005 documentary film by Aleksandar Manić,2005-01-01T00:00:00Z,78.0,2005
Q11750845,The Kukumi,2005 film by Isa Qosja,2005-09-30T00:00:00Z,107.0,2005
Q11753338,Lawstorant,2005 film,2005-06-24T00:00:00Z,,2005
Q11753679,Legenda,2005 film by Mariusz Pujszo,2005-11-04T00:00:00Z,77.0,2005
Q11766173,Magic Eye,2005 film by Kujtim Çashku,2005-11-01T00:00:00Z,93.0,2005
Q11766911,I Have Something Important to Tell You,2005 film by Željko Sošić,2005-01-01T00:00:00Z,,2005
Q117756249,Blues Divas,2005 film directed by Robert Mugge,2005-01-01T00:00:00Z,116.0,2005
Q1179070,Day of the Dead 2: Contagium,2005 film,2005-01-01T00:00:00Z,94.0,2005
Q118011,Bus Conductor,2005 film by V. M. Vinu,2005-01-01T00:00:00Z,,2005
Q1180275,Princesses,2005 film by Fernando León de Aranoa,2005-01-01T00:00:00Z,113.0,2005
Q1181263,Death Tunnel,2005 film by Philip Adrian Booth,2005-01-01T00:00:00Z,89.0,2005
Q11829042,Chicken Tikka Masala,2005 film,2005-01-01T00:00:00Z,90.0,2005
Q1183268,"Yours, Mine and Ours",2005 film by Raja Gosnell,2005-01-01T00:00:00Z,95.0,2005
Q11838498,Dobro ustimani mrtvaci,2005 film by Benjamin Filipović,2005-09-28T00:00:00Z,92.0,2005
Q11857715,For the Living and the Dead,2005 Finnish film directed by Kari Paljakka,2005-02-18T00:00:00Z,105.0,2005
Q11862100,Helmiä ja sikoja,2003 film directed by Perttu Leppä,2005-02-10T00:00:00Z,113.0,2005
Q11862100,Helmiä ja sikoja,2003 film directed by Perttu Leppä,2005-01-27T00:00:00Z,113.0,2005
Q1186461,Demon Pond,2005 film by Takashi Miike,2005-01-01T00:00:00Z,129.0,2005
Q118739,Gay Sex in the 70s,2005 documentary film directed by Joseph Lovett,2005-01-01T00:00:00Z,71.0,2005
Q11900201,Valo,2005 Finnish film directed by Kaija Juurikkala,2005-10-07T00:00:00Z,84.0,2005
Q1192363,The Pacifier,2005 film by Adam Shankman,2005-06-03T00:00:00Z,95.0,2005
Q1192363,The Pacifier,2005 film by Adam Shankman,2005-04-14T00:00:00Z,95.0,2005
Q1192363,The Pacifier,2005 film by Adam Shankman,2005-03-04T00:00:00Z,95.0,2005
Q1193235,The Fakir,2004 film by Peter Flinth,2005-01-13T00:00:00Z,85.0,2005
Q1193443,An American Haunting,2005 film by Courtney Solomon,2005-11-05T00:00:00Z,90.0,2005
Q1193803,Ghost of Mae Nak,2005 film by Mark Duffield,2005-01-01T00:00:00Z,102.0,2005
Q1193810,Chandramukhi,2005 Indian Tamil-language film directed by P. Vasu,2005-01-01T00:00:00Z,167.0,2005
Q1194283,Man of the House,2005 film by Stephen Herek,2005-06-09T00:00:00Z,97.0,2005
Q1194283,Man of the House,2005 film by Stephen Herek,2005-01-01T00:00:00Z,97.0,2005
Q11957679,The Ambassador,Norwegian documentary film (2005),2005-01-01T00:00:00Z,55.0,2005
Q1195928,The Myth,2005 film directed by Stanley Tong,2005-01-01T00:00:00Z,118.0,2005
Q11959981,Restless Souls,2005 film directed by Martin Schmidt,2005-05-27T00:00:00Z,94.0,2005
Q11967389,An Enemy of the People,2005 film by Erik Skjoldbjærg,2005-01-01T00:00:00Z,,2005
Q1197427,The Squid and the Whale,2005 film by Noah Baumbach,2005-12-16T00:00:00Z,81.0,2005
Q1197427,The Squid and the Whale,2005 film by Noah Baumbach,2005-01-23T00:00:00Z,81.0,2005
Q1197442,The Death of Mr. Lazarescu,2005 film by Cristi Puiu,2005-05-17T00:00:00Z,153.0,2005
Q1197889,The Forest for the Trees,2003 film by Maren Ade,2005-01-27T00:00:00Z,81.0,2005
Q1198214,The Zodiac,2005 film directed by Alexander Bulkley,2005-01-01T00:00:00Z,97.0,2005
Q11991849,Angels in Fast Motion,2005 Danish film directed by Ole Christian Madsen,2005-08-26T00:00:00Z,120.0,2005
Q11991849,Angels in Fast Motion,2005 Danish film directed by Ole Christian Madsen,2005-03-04T00:00:00Z,120.0,2005
Q1199793,The Skeleton Key,2005 film by Iain Softley,2005-08-18T00:00:00Z,104.0,2005
Q1199793,The Skeleton Key,2005 film by Iain Softley,2005-08-12T00:00:00Z,104.0,2005
Q1199793,The Skeleton Key,2005 film by Iain Softley,2005-07-29T00:00:00Z,104.0,2005
Q12006724,Tommys inferno,2005 Norwegian film directed by Ove Raymond Gyldenås,2005-08-19T00:00:00Z,95.0,2005
Q120105,The Woodsman,2004 film by Nicole Kassell,2005-05-05T00:00:00Z,87.0,2005
Q1201654,Deuce Bigalow: European Gigolo,2005 film by Mike Bigelow,2005-08-18T00:00:00Z,83.0,2005
Q1201654,Deuce Bigalow: European Gigolo,2005 film by Mike Bigelow,2005-01-01T00:00:00Z,83.0,2005
Q12020767,Hrubeš a Mareš jsou kamarádi do deště,2005 film by Vladimír Morávek,2005-01-01T00:00:00Z,116.0,2005
Q120721913,Unfaithtful Women II,2005 film directed by Adolfo Martínez Solares,2005-01-01T00:00:00Z,109.0,2005
Q12100606,Alchemy,2005 American film,2005-01-01T00:00:00Z,86.0,2005
Q1211197,The Ax,2005 film directed by Costa-Gavras,2005-10-28T00:00:00Z,122.0,2005
Q1211197,The Ax,2005 film directed by Costa-Gavras,2005-10-13T00:00:00Z,122.0,2005
Q1211197,The Ax,2005 film directed by Costa-Gavras,2005-10-06T00:00:00Z,122.0,2005
Q1211197,The Ax,2005 film directed by Costa-Gavras,2005-09-02T00:00:00Z,122.0,2005
Q1211197,The Ax,2005 film directed by Costa-Gavras,2005-05-06T00:00:00Z,122.0,2005
Q1211197,The Ax,2005 film directed by Costa-Gavras,2005-03-09T00:00:00Z,122.0,2005
Q1211197,The Ax,2005 film directed by Costa-Gavras,2005-03-02T00:00:00Z,122.0,2005
Q1211837,Bad News Bears,2005 film by Richard Linklater,2005-07-22T00:00:00Z,113.0,2005
Q12119063,The F Word,2005 film,2005-01-01T00:00:00Z,,2005
Q12125818,Look Both Ways,2005 film by Sarah Watt,2005-01-01T00:00:00Z,100.0,2005
Q1212598,The Light,2004 film by Philippe Lioret,2005-06-16T00:00:00Z,105.0,2005
Q12126009,Man of God,2005 film by Jefery Levy,2005-01-01T00:00:00Z,,2005
Q12126128,Meet Me in Miami,2005 film,2005-01-01T00:00:00Z,94.0,2005
Q12127068,The Reception,2005 film by John G. Young,2005-01-01T00:00:00Z,,2005
Q12127383,Self Medicated,2005 film,2005-01-01T00:00:00Z,107.0,2005
Q12134068,Witches of the Caribbean,2005 film by David DeCoteau,2005-01-01T00:00:00Z,82.0,2005
Q121532089,Green Bush,2005 film by Warwick Thornton,2005-01-01T00:00:00Z,,2005
Q1215704,A Journey Into Bliss,2004 film by Wenzel Storch,2005-01-06T00:00:00Z,73.0,2005
Q1217569,The Wild Soccer Bunch,2005 film by Joachim Masannek,2005-02-17T00:00:00Z,89.0,2005
Q1217931,Mother of Mine,2005 Finnish-Swedish film directed by Klaus Härö,2005-01-01T00:00:00Z,96.0,2005
Q1217941,The Best of Youth,2003 film by Marco Tullio Giordana,2005-03-03T00:00:00Z,366.0,2005
Q1217941,The Best of Youth,2003 film by Marco Tullio Giordana,2005-03-02T00:00:00Z,366.0,2005
Q1218011,Hababam Sınıfı Üç Buçuk,2006 film by Ferdi Eğilmez,2005-01-01T00:00:00Z,98.0,2005
Q1218014,The Chaos Class in the Military,2005 film by Ferdi Eğilmez,2005-01-14T00:00:00Z,115.0,2005
Q1218014,The Chaos Class in the Military,2005 film by Ferdi Eğilmez,2005-01-13T00:00:00Z,115.0,2005
Q12182564,Enta omry,2005 film by Khaled Youssef,2005-01-01T00:00:00Z,125.0,2005
Q12183614,The Prince,2005 film by Mohamed Zran,2005-01-01T00:00:00Z,108.0,2005
Q1218525,Le Grand Voyage,2004 film by Ismaël Ferroukhi,2005-11-24T00:00:00Z,108.0,2005
Q12186871,Joys of Life,2005 film,2005-11-30T00:00:00Z,145.0,2005
Q12188402,The Embassy in the Building,2005 film by Amr Arafa,2005-01-01T00:00:00Z,2.0,2005
Q12189717,Ettariq Asahih,2005 film by Abdelkrim Derkaoui,2005-01-01T00:00:00Z,,2005
Q1219034,The Masked Gang,2005 film by Murat Aslan,2005-01-01T00:00:00Z,93.0,2005
Q1219572,The Syrian Bride,2004 film by Eran Riklis,2005-03-17T00:00:00Z,97.0,2005
Q12199261,Midtown Girls,Egyptian film 2005,2005-11-04T00:00:00Z,,2005
Q12199836,Booha,2005 film by Ramy Imam,2005-06-05T00:00:00Z,,2005
Q1220120,Robbery Alla Turca,2005 film directed by Oguzhan Tercan,2005-02-10T00:00:00Z,,2005
Q1220120,Robbery Alla Turca,2005 film directed by Oguzhan Tercan,2005-01-01T00:00:00Z,,2005
Q12206786,Haha w Toffaha,Egyptian film 2005,2005-01-01T00:00:00Z,100.0,2005
Q12207419,Italia's War,2005 film,2005-07-27T00:00:00Z,110.0,2005
Q12208666,Hamadah Yilab,2005 film by Said Hamed,2005-01-01T00:00:00Z,95.0,2005
Q12211890,The Gazelle's Blood,2005 film,2005-01-01T00:00:00Z,108.0,2005
Q122204638,Penny Dreadful,2005 film,2005-10-15T00:00:00Z,,2005
Q12230300,فتح عينيك,2005 film,2005-01-01T00:00:00Z,,2005
Q12238234,MARIA Y ASSOU,film,2005-01-01T00:00:00Z,,2005
Q12244262,Malesh Ehna Benetbahdel,2005 film by Sherif Mandour,2005-08-03T00:00:00Z,90.0,2005
Q12251453,Either Me or My Auntie,2005 film by Said Hamed,2005-06-22T00:00:00Z,90.0,2005
Q12284754,Lady Zee,2005 film by Georgi Djulgerov,2005-03-14T00:00:00Z,96.0,2005
Q12290942,Lost and Found,2005 film directed by Stefan Arsenijević et al.,2005-02-10T00:00:00Z,99.0,2005
Q12294089,The Meaning of Life,2005 Bulgarian drama feature film directed by Krassimir Krumov,2005-01-01T00:00:00Z,,2005
Q12304817,Bølle Bob og Smukke Sally,2005 film by Rune Bendixen,2005-07-15T00:00:00Z,72.0,2005
Q12308214,Den rette ånd,2005 film by Martin Strange-Hansen,2005-12-16T00:00:00Z,89.0,2005
Q12308814,Dommeren,2005 film by Gert Fredholm,2005-11-04T00:00:00Z,90.0,2005
Q12311073,Far til Fire Gi'r Aldrig Op,2005 film by Claus Bjerre,2005-10-14T00:00:00Z,91.0,2005
Q12329564,Next Step,2005 film by Morten Nørgaard,2005-01-01T00:00:00Z,87.0,2005
Q12336735,Springet,2005 film by Henning Carlsen,2005-02-25T00:00:00Z,95.0,2005
Q12337373,Store planer!,2005 film by Jesper W. Nielsen,2005-01-07T00:00:00Z,96.0,2005
Q12340701,Veninder,2005 film by Charlotte Sachs Bostrup,2005-07-29T00:00:00Z,85.0,2005
Q12342669,Overcoming,2005 film by Tómas Gislason,2005-01-01T00:00:00Z,105.0,2005
Q1238102,Dominion: Prequel to the Exorcist,2005 film directed by Paul Schrader,2005-01-01T00:00:00Z,111.0,2005
Q12404006,Alenbi Romance,2005 film directed by Yanai Goz and Yoni Zicholtz,2005-01-01T00:00:00Z,50.0,2005
Q1243674,Summer with the Ghosts,2003 film by Bernd Neuburger,2005-07-01T00:00:00Z,85.0,2005
Q12447679,"Main, Meri Patni Aur Woh",2005 film by Chandan Arora,2005-01-01T00:00:00Z,,2005
Q12450642,Rog,2005 film directed by Himanshu Brahmbhatt,2005-01-01T00:00:00Z,,2005
Q12470109,12:00 am,2005 film by Nayato Fio Nuala,2005-01-01T00:00:00Z,,2005
Q1247320,Free Zone,2005 film by Amos Gitai,2005-01-01T00:00:00Z,90.0,2005
Q124748783,Tatooed,2005 film by Eduardo Raspo,2005-01-01T00:00:00Z,84.0,2005
Q124773925,Como mariposas en la luz,2005 film by Diego Yaker,2005-01-01T00:00:00Z,106.0,2005
Q12487339,Janji Joni,2005 film by Joko Anwar,2005-04-27T00:00:00Z,83.0,2005
Q124959660,Four Barefoot Women,2005 film by Santiago Loza,2005-01-01T00:00:00Z,90.0,2005
Q12506204,Pontianak Harum Sundal Malam 2,2005 film by Shuhaimi Baba,2005-01-01T00:00:00Z,113.0,2005
Q1253203,Down in the Valley,2005 film by David Jacobson,2005-01-01T00:00:00Z,114.0,2005
Q125383686,The Demolition,2005 film by Marcelo Mangone,2005-01-01T00:00:00Z,80.0,2005
Q125500642,A Bright Moon,2005 Chinese film,2005-06-15T00:00:00Z,105.0,2005
Q125526882,Ren Changxia,2005 Chinese film,2005-07-01T00:00:00Z,104.0,2005
Q125548321,Sheng Si Niu Yu Ru,2005 Chinese film,2005-10-01T00:00:00Z,,2005
Q12581160,Haan,2005 film directed by In-soo Lee,2005-09-23T00:00:00Z,92.0,2005
Q1265160,Dumplings,2004 Hong Kong film directed by Fruit Chan,2005-08-04T00:00:00Z,91.0,2005
Q1269778,50 Ways of Saying Fabulous,2005 film,2005-01-01T00:00:00Z,90.0,2005
Q1270772,Days of Santiago,2004 film by Josué Méndez,2005-12-08T00:00:00Z,82.0,2005
Q1272835,The Statement,2003 film by Norman Jewison,2005-06-23T00:00:00Z,120.0,2005
Q12749522,Awaking from the Dead,2005 film directed by Miloš Radivojević,2005-01-01T00:00:00Z,134.0,2005
Q12752161,Ivkova Slava,2005 film by Zdravko Šotra,2005-11-03T00:00:00Z,110.0,2005
Q127542,Maurice Richard,2005 film directed by Charles Binamé,2005-01-01T00:00:00Z,124.0,2005
Q12754500,"Lele, bato",2005 film,2005-01-01T00:00:00Z,,2005
Q1275866,Ultimate Force,2005 film,2005-01-01T00:00:00Z,93.0,2005
Q1277684,Earthlings,2005 film by Shaun Monson,2005-09-24T00:00:00Z,95.0,2005
Q127897,Jersey Girl,2004 film by Kevin Smith,2005-01-06T00:00:00Z,98.0,2005
Q1280179,How Much Do You Love Me?,2005 film by Bertrand Blier,2005-01-01T00:00:00Z,95.0,2005
Q12812194,The imam,2005 film directed by İsmail Güneş,2005-01-01T00:00:00Z,110.0,2005
Q128430869,Nadine in Date Land,2005 american film,2005-06-25T00:00:00Z,,2005
Q1284839,Edison,2005 film by David J. Burke,2005-03-05T00:00:00Z,95.0,2005
Q1287973,Go West,2005 Bosnic drama film by Ahmed Imamović,2005-01-01T00:00:00Z,97.0,2005
Q12880315,Loafing and Camouflage: Sirens in the Aegean,2005 film by Nikos Perakis,2005-01-01T00:00:00Z,115.0,2005
Q128924,The World's Fastest Indian,2005 film directed by Roger Donaldson,2005-01-01T00:00:00Z,127.0,2005
Q1292187,Just Friends,2005 film by Roger Kumble,2005-01-01T00:00:00Z,96.0,2005
Q129574,The Feast of the Goat,2006 film by Luis Llosa,2005-09-23T00:00:00Z,125.0,2005
Q12970834,The Samurai I Loved,2005 film by Mitsuo Kurotsuchi,2005-10-01T00:00:00Z,,2005
Q13007054,Moguds-Pellams,2005 Telugu film directed by Ranganath,2005-10-29T00:00:00Z,,2005
Q13011721,Super,2005 Telugu film directed by Puri Jagannadh,2005-01-01T00:00:00Z,,2005
Q130271,Live and Become,2005 film by Radu Mihăileanu,2005-01-01T00:00:00Z,135.0,2005
Q1304619,Kinamand,2005 film by Henrik Ruben Genz,2005-04-01T00:00:00Z,88.0,2005
Q1304632,Tara Road,2005 film by Gillies MacKinnon,2005-12-29T00:00:00Z,94.0,2005
Q1304632,Tara Road,2005 film by Gillies MacKinnon,2005-05-11T00:00:00Z,94.0,2005
Q1304902,Fever Pitch,"2005 US film by Peter Farrelly, Bobby Farrelly",2005-10-27T00:00:00Z,103.0,2005
Q1304902,Fever Pitch,"2005 US film by Peter Farrelly, Bobby Farrelly",2005-04-08T00:00:00Z,103.0,2005
Q1304902,Fever Pitch,"2005 US film by Peter Farrelly, Bobby Farrelly",2005-04-06T00:00:00Z,103.0,2005
Q1305268,Riding Alone for Thousands of Miles,2005 Japanese film directed by Zhang Yimou,2005-01-01T00:00:00Z,107.0,2005
Q1306685,Offside,2005 film by Buket Alakuş,2005-01-19T00:00:00Z,103.0,2005
Q13099407,The Maid,2005 Singaporean film directed by Kelvin Tong,2005-08-18T00:00:00Z,,2005
Q13112816,Naran,2005 film directed by Joshiy,2005-09-03T00:00:00Z,,2005
Q13115833,Densha Otoko,2005 film,2005-01-01T00:00:00Z,105.0,2005
Q1313453,Iron Island,2005 film by Mohammad Rasoulof,2005-01-01T00:00:00Z,90.0,2005
Q1314206,Szöke kóla,2005 film,2005-01-01T00:00:00Z,,2005
Q13158079,Anna Thangi,2005 film by Sai Prakash,2005-01-01T00:00:00Z,,2005
Q1320016,Innocent Steps,2005 South Korean film directed by Park Young-hoon,2005-01-01T00:00:00Z,,2005
Q13219141,Wait 'til You're Older,2005 film by Teddy Chan,2005-01-01T00:00:00Z,92.0,2005
Q132192837,Ridskolan 3: Skidskolan,2005 Swedish pornographic film directed by Mike Beck,2005-01-01T00:00:00Z,2.9,2005
Q132266,Fun with Dick and Jane,2005 film by Dean Parisot,2005-12-21T00:00:00Z,90.0,2005
Q1325503,Nomad,2005 historical epic film from Kazakhstan,2005-01-01T00:00:00Z,122.0,2005
Q1326419,King's Game,2004 film by Nikolaj Arcel,2005-10-01T00:00:00Z,106.0,2005
Q1330571,Rumor Has It,2005 film directed by Rob Reiner,2005-12-25T00:00:00Z,96.0,2005
Q1330571,Rumor Has It,2005 film directed by Rob Reiner,2005-12-22T00:00:00Z,96.0,2005
Q1331014,Sahara,2005 film directed by Breck Eisner,2005-06-02T00:00:00Z,124.0,2005
Q1331014,Sahara,2005 film directed by Breck Eisner,2005-04-08T00:00:00Z,124.0,2005
Q1331014,Sahara,2005 film directed by Breck Eisner,2005-04-04T00:00:00Z,124.0,2005
Q1332163,Ellie Parker,2005 film by Scott Coffey,2005-01-01T00:00:00Z,95.0,2005
Q1332183,Elsk meg i morgen,2005 film by Petter Næss,2005-01-01T00:00:00Z,90.0,2005
Q1332491,Allegro,2005 film by Christoffer Boe,2005-09-30T00:00:00Z,88.0,2005
Q1333403,Elsa & Fred,2005 film by Marcos Carnevale,2005-11-11T00:00:00Z,108.0,2005
Q1333403,Elsa & Fred,2005 film by Marcos Carnevale,2005-11-11T00:00:00Z,111.0,2005
Q133885811,Dangerous Animals,2025 film directed by Sean Byrne,2005-09-18T00:00:00Z,,2005
Q13439455,Welcome Home,2004 Austrian film directed by Andreas Gruber,2005-03-18T00:00:00Z,,2005
Q1344190,Enron: The Smartest Guys in the Room,2005 documentary film on the rise and fall of the company directed by Alex Gibney,2005-01-01T00:00:00Z,109.0,2005
Q13446439,Buitenspel,"2005 film by Jan Verheyen, Pieter Van Hees",2005-12-21T00:00:00Z,90.0,2005
Q1346583,The Sisters,2005 film by Arthur Allan Seidelman,2005-04-23T00:00:00Z,113.0,2005
Q1347959,The Long Weekend,2005 film by Pat Holden,2005-08-05T00:00:00Z,90.0,2005
Q135002987,Suffocation,,2005-03-05T00:00:00Z,,2005
Q1354121,Melinda and Melinda,2004 film directed by Woody Allen,2005-06-23T00:00:00Z,95.0,2005
Q1354121,Melinda and Melinda,2004 film directed by Woody Allen,2005-03-18T00:00:00Z,95.0,2005
Q1354148,Bride and Prejudice,2004 film by Gurinder Chadha,2005-08-18T00:00:00Z,112.0,2005
Q1354957,Erkan & Stefan in Der Tod kommt krass,2005 film by Michael Karen,2005-05-19T00:00:00Z,93.0,2005
Q1354957,Erkan & Stefan in Der Tod kommt krass,2005 film by Michael Karen,2005-01-01T00:00:00Z,93.0,2005
Q1356395,Alfie,2004 film by Charles Shyer,2005-03-10T00:00:00Z,103.0,2005
Q1356410,Bewitched,2005 film directed by Nora Ephron,2005-09-01T00:00:00Z,102.0,2005
Q1356410,Bewitched,2005 film directed by Nora Ephron,2005-06-24T00:00:00Z,102.0,2005
Q13564796,Dus,2005 film directed by Anubhav Sinha,2005-01-01T00:00:00Z,152.0,2005
Q13571413,Hans-Joachim Klein: My Life as a Terrorist,2005 film by Alexander Oey,2005-11-01T00:00:00Z,,2005
Q136027783,Đêm vùng biên,Vietnamese direct-to-video film 2005,2005-01-01T00:00:00Z,,2005
Q1361018,Uzak,2002 film by Nuri Bilge Ceylan,2005-02-03T00:00:00Z,109.0,2005
Q13655917,One Day in Europe,2005 film by Hannes Stöhr,2005-04-07T00:00:00Z,95.0,2005
Q13655917,One Day in Europe,2005 film by Hannes Stöhr,2005-01-01T00:00:00Z,95.0,2005
Q1366454,A Christmoose Carol,2005 film by Ben Verbong,2005-11-30T00:00:00Z,90.0,2005
Q1366454,A Christmoose Carol,2005 film by Ben Verbong,2005-11-03T00:00:00Z,90.0,2005
Q1366454,A Christmoose Carol,2005 film by Ben Verbong,2005-10-30T00:00:00Z,90.0,2005
Q1366919,The Importance of Being Earnest,2002 film by Oliver Parker,2005-01-05T00:00:00Z,94.0,2005
Q136719,Salon,2005 film by Ming Jin,2005-01-01T00:00:00Z,,2005
Q1367317,The Descent,2005 film by Neil Marshall,2005-11-10T00:00:00Z,99.0,2005
Q1367317,The Descent,2005 film by Neil Marshall,2005-07-08T00:00:00Z,99.0,2005
Q1367317,The Descent,2005 film by Neil Marshall,2005-01-01T00:00:00Z,99.0,2005
Q1367647,Spanglish,2004 film by James L. Brooks,2005-04-07T00:00:00Z,130.0,2005
Q136945910,Sex Trek: Where No Man Has Cum Before,2005 pornographic film,2005-01-01T00:00:00Z,85.0,2005
Q136945911,Sex Trek: Charly XXX,2005 pornographic film,2005-01-01T00:00:00Z,99.0,2005
Q1376152,Divergence,2005 film directed by Benny Chan,2005-01-01T00:00:00Z,101.0,2005
Q1386388,Ladder 49,2004 film by Jay Russell,2005-02-03T00:00:00Z,110.0,2005
Q1388450,Along the Ridge,2005 film by Kim Rossi Stuart,2005-01-01T00:00:00Z,108.0,2005
Q138847533,Euro Sluts 9: My Friends...,2005 Italian pornographic film directed by Andrea Nobili,2005-01-01T00:00:00Z,100.0,2005
Q138847533,Euro Sluts 9: My Friends...,2005 Italian pornographic film directed by Andrea Nobili,2005-01-01T00:00:00Z,121.0,2005
Q139384500,Glazed and Confused 5,2005 American pornographic film directed by William H. Nutsack,2005-06-03T00:00:00Z,91.0,2005
Q139384500,Glazed and Confused 5,2005 American pornographic film directed by William H. Nutsack,2005-01-01T00:00:00Z,91.0,2005
Q1400892,Feed,2005 film by Brett Leonard,2005-01-01T00:00:00Z,98.0,2005
Q140324088,Lex Steele XXX 5,2005 American pornographic film directed by Lexington Steele,2005-09-01T00:00:00Z,140.0,2005
Q140324088,Lex Steele XXX 5,2005 American pornographic film directed by Lexington Steele,2005-09-01T00:00:00Z,195.0,2005
Q140324628,Cumshitters,2005 American pornographic film directed by Manuel Ferrara,2005-07-01T00:00:00Z,145.0,2005
Q140327261,Ass Worship 7,2005 American pornographic film directed by Jules Jordan,2005-05-27T00:00:00Z,240.0,2005
Q140328935,Ass Worship 6,2004 American pornographic film directed by Jules Jordan,2005-03-01T00:00:00Z,200.0,2005
Q140351255,Ass Worship 8,2005 American pornographic film directed by Jules Jordan,2005-09-19T00:00:00Z,223.0,2005
Q140365506,Euroglam 3: An American In Europe,2003 American pornographic film directed by Michael Ninn,2005-01-01T00:00:00Z,74.0,2005
Q140365506,Euroglam 3: An American In Europe,2003 American pornographic film directed by Michael Ninn,2005-01-01T00:00:00Z,94.0,2005
Q140370097,Neo Pornographia 2,2005 American pornographic film directed by Michael Ninn,2005-08-01T00:00:00Z,240.0,2005
Q140370100,Neo Pornographia 3,2005 American pornographic film directed by Michael Ninn,2005-01-01T00:00:00Z,109.0,2005
Q140370101,Neo Pornographia 4,2005 American pornographic film directed by Michael Ninn,2005-01-01T00:00:00Z,90.0,2005
Q140429264,Fluff and Fold,2004 American pornographic film directed by Brad Armstrong,2005-12-20T00:00:00Z,138.0,2005
Q1405901,The Young Lieutenant,2005 film by Xavier Beauvois,2005-01-01T00:00:00Z,110.0,2005
Q1407661,Today You Die,2005 film directed by Don E. Fauntleroy,2005-01-01T00:00:00Z,90.0,2005
Q140935395,Fuck the Beauty,2005 pornographic film directed by Jolth Walton,2005-01-01T00:00:00Z,130.0,2005
Q140935395,Fuck the Beauty,2005 pornographic film directed by Jolth Walton,2005-01-01T00:00:00Z,171.0,2005
Q140945529,Cuore di mamma,2005 Italian pornographic film directed by Andy Casanova,2005-01-01T00:00:00Z,84.0,2005
Q1410288,The Chumscrubber,2005 film by Arie Posin,2005-01-01T00:00:00Z,108.0,2005
Q1411345,Four Brothers,2005 film by John Singleton,2005-11-10T00:00:00Z,109.0,2005
Q1411345,Four Brothers,2005 film by John Singleton,2005-01-01T00:00:00Z,109.0,2005
Q141188541,Blow Me Sandwich 7,2005 American pornographic film directed by Greg Alves,2005-08-24T00:00:00Z,114.0,2005
Q141188542,Blow Me Sandwich 8,2005 American pornographic film directed by Greg Alves,2005-11-10T00:00:00Z,115.0,2005
Q1418089,Reeker,2005 film by Dave Payne,2005-01-01T00:00:00Z,90.0,2005
Q1421068,Mysterious Skin,2004 film directed by Gregg Araki,2005-08-25T00:00:00Z,105.0,2005
Q1421068,Mysterious Skin,2004 film directed by Gregg Araki,2005-05-06T00:00:00Z,105.0,2005
Q1423667,Mrs Henderson Presents,2005 film by Stephen Frears,2005-01-01T00:00:00Z,99.0,2005
Q1423695,Kiss Kiss Bang Bang,2005 crime-comedy film directed by Shane Black,2005-12-02T00:00:00Z,102.0,2005
Q1423695,Kiss Kiss Bang Bang,2005 crime-comedy film directed by Shane Black,2005-11-11T00:00:00Z,102.0,2005
Q1423695,Kiss Kiss Bang Bang,2005 crime-comedy film directed by Shane Black,2005-10-21T00:00:00Z,102.0,2005
Q1423695,Kiss Kiss Bang Bang,2005 crime-comedy film directed by Shane Black,2005-10-20T00:00:00Z,102.0,2005
Q1423695,Kiss Kiss Bang Bang,2005 crime-comedy film directed by Shane Black,2005-01-01T00:00:00Z,102.0,2005
Q1423873,Maine Pyaar Kyun Kiya?,2005 film by David Dhawan,2005-01-01T00:00:00Z,145.0,2005
Q1424889,Crustacés et Coquillages,2005 film directed by Olivier Ducastel and Jacques Martineau,2005-07-21T00:00:00Z,90.0,2005
Q1424889,Crustacés et Coquillages,2005 film directed by Olivier Ducastel and Jacques Martineau,2005-01-01T00:00:00Z,90.0,2005
Q1430594,Fluerne på væggen,2005 film by Åke Sandgren,2005-08-12T00:00:00Z,95.0,2005
Q1430996,Black Sun,2005 documentary film by Gary Tam,2005-01-01T00:00:00Z,70.0,2005
Q1431299,Hinokio,2005 film,2005-01-01T00:00:00Z,111.0,2005
Q14323819,A Litre of Tears,2005 film directed by Riki Okamura,2005-01-01T00:00:00Z,98.0,2005
Q1438833,Leonard Cohen: I'm Your Man,2005 film by Lian Lunson,2005-01-01T00:00:00Z,105.0,2005
Q1439514,Mouth to Mouth,2005 film directed by Alison Murray,2005-11-11T00:00:00Z,98.0,2005
Q1439514,Mouth to Mouth,2005 film directed by Alison Murray,2005-06-01T00:00:00Z,98.0,2005
Q1445893,Lemming,2005 film by Dominik Moll,2005-01-01T00:00:00Z,129.0,2005
Q1449664,The Eye 10,"2005 film by Danny Pang Phat, Oxide Pang Chun",2005-03-25T00:00:00Z,82.0,2005
Q145396,Your Name Is Justine,2005 Luxembourgish film directed by Franco de Peña,2005-08-30T00:00:00Z,98.0,2005
Q1462630,Why We Fight,2005 film by Eugene Jarecki,2005-01-01T00:00:00Z,98.0,2005
Q1465829,The Quiet,2005 film by Jamie Babbit,2005-01-01T00:00:00Z,92.0,2005
Q1471338,Fräulein Schmetterling,2005 film by Kurt Barthel,2005-01-01T00:00:00Z,118.0,2005
Q1474127,Saved!,2004 film directed by Brian Dannelly,2005-08-26T00:00:00Z,93.0,2005
Q1474263,Hustle & Flow,2005 film directed by Craig Brewer,2005-11-17T00:00:00Z,116.0,2005
Q1474263,Hustle & Flow,2005 film directed by Craig Brewer,2005-01-01T00:00:00Z,116.0,2005
Q1474655,The Perfect Man,2005 film by Mark Rosman,2005-06-17T00:00:00Z,100.0,2005
Q14755665,Abraham: The Friend of God,film directed by Mohammad-Reza Varzi,2005-01-01T00:00:00Z,99.0,2005
Q14755682,Goodnight Commander,film,2005-01-01T00:00:00Z,,2005
Q14755726,The Internet Adventures,film directed by Hossein Qana'at,2005-01-01T00:00:00Z,90.0,2005
Q148326,Zathura: A Space Adventure,2005 film directed by Jon Favreau,2005-11-11T00:00:00Z,96.0,2005
Q148326,Zathura: A Space Adventure,2005 film directed by Jon Favreau,2005-01-01T00:00:00Z,96.0,2005
Q1485799,Beautiful Women,2004 film directed by Sathyan Ramesh,2005-01-27T00:00:00Z,82.0,2005
Q1487322,Lucky: No Time for Love,2005 film by Radhika Rao,2005-01-01T00:00:00Z,180.0,2005
Q1493882,Garam Masala,2005 film by Priyadarshan,2005-01-01T00:00:00Z,156.0,2005
Q14955273,Rolling Like a Stone,2005 documentary film by Stefan Berg,2005-01-01T00:00:00Z,,2005
Q1500141,Land of the Dead,2005 film by George A. Romero,2005-09-01T00:00:00Z,97.0,2005
Q1500141,Land of the Dead,2005 film by George A. Romero,2005-06-24T00:00:00Z,97.0,2005
Q1500141,Land of the Dead,2005 film by George A. Romero,2005-06-18T00:00:00Z,97.0,2005
Q1500141,Land of the Dead,2005 film by George A. Romero,2005-01-01T00:00:00Z,97.0,2005
Q1503700,Main Hoon Na,2004 film by Farah Khan,2005-03-03T00:00:00Z,175.0,2005
Q1508462,Reefer Madness: The Movie Musical,2005 television film directed by Andy Fickman,2005-01-01T00:00:00Z,112.0,2005
Q1509076,Perception,2005 film,2005-01-01T00:00:00Z,101.0,2005
Q1513503,Somersault,2004 film by Cate Shortland,2005-05-19T00:00:00Z,106.0,2005
Q1516615,Lie with Me,2005 film directed by Clement Virgo,2005-01-01T00:00:00Z,89.0,2005
Q1516843,The Business,2005 film by Nick Love,2005-01-01T00:00:00Z,97.0,2005
Q1516852,Taxi,2004 film directed by Tim Story,2005-01-27T00:00:00Z,93.0,2005
Q151730,Zozo,2005 film directed by Josef Fares,2005-09-02T00:00:00Z,100.0,2005
Q151811,Must Love Dogs,2005 film directed by Gary David Goldberg,2005-08-25T00:00:00Z,98.0,2005
Q151811,Must Love Dogs,2005 film directed by Gary David Goldberg,2005-01-01T00:00:00Z,98.0,2005
Q151848,Where the Truth Lies,2005 film by Atom Egoyan,2005-10-07T00:00:00Z,108.0,2005
Q151848,Where the Truth Lies,2005 film by Atom Egoyan,2005-05-13T00:00:00Z,108.0,2005
Q151884,Tideland,2005 film by Terry Gilliam,2005-09-09T00:00:00Z,120.0,2005
Q151884,Tideland,2005 film by Terry Gilliam,2005-01-01T00:00:00Z,120.0,2005
Q1523747,Tjenare kungen,2005 film by Ulf Malmros,2005-09-16T00:00:00Z,94.0,2005
Q152456,Munich,2005 film directed by Steven Spielberg,2005-12-23T00:00:00Z,157.0,2005
Q1526737,Call of the Toad,2005 film by Robert Gliński,2005-09-22T00:00:00Z,98.0,2005
Q1526737,Call of the Toad,2005 film by Robert Gliński,2005-01-01T00:00:00Z,98.0,2005
Q15270782,Velvet Revolution,2005 film by Oleg Stepchenko,2005-01-01T00:00:00Z,117.0,2005
Q15275877,Lala Pipo: A Lot of People,2005 Japanese novel by Hideo Okuda,2005-01-01T00:00:00Z,120.0,2005
Q15276657,Kameňák 3,2005 film by Zdeněk Troška,2005-01-13T00:00:00Z,101.0,2005
Q152857,Downfall,2004 film by Oliver Hirschbiegel,2005-04-08T00:00:00Z,155.0,2005
Q1532993,One Missed Call,2003 Japanese horror film by Takashi Miike,2005-11-03T00:00:00Z,113.0,2005
Q1533604,About the Looking for and the Finding of Love,2005 film by Helmut Dietl,2005-01-27T00:00:00Z,105.0,2005
Q1534510,The Devil's Rejects,2005 film by Rob Zombie,2005-01-01T00:00:00Z,109.0,2005
Q1536550,Shinobi: Heart Under Blade,2005 film by Ten Shimoyama,2005-09-17T00:00:00Z,101.0,2005
Q1537305,Palindromes,2004 film by Todd Solondz,2005-04-14T00:00:00Z,100.0,2005
Q1537305,Palindromes,2004 film by Todd Solondz,2005-02-04T00:00:00Z,100.0,2005
Q1537305,Palindromes,2004 film by Todd Solondz,2005-01-21T00:00:00Z,100.0,2005
Q1537544,A Good Woman,2004 film by Mike Barker,2005-12-15T00:00:00Z,93.0,2005
Q1538902,Pirates,2005 American pornographic action-adventure film by Joone,2005-09-26T00:00:00Z,129.0,2005
Q154077,Walk the Line,2005 film by James Mangold,2005-09-04T00:00:00Z,136.0,2005
Q1545861,Grenzverkehr,2005 film by Stefan Betz,2005-08-18T00:00:00Z,90.0,2005
Q1545861,Grenzverkehr,2005 film by Stefan Betz,2005-01-01T00:00:00Z,90.0,2005
Q1546955,Grind,2003 film,2005-01-27T00:00:00Z,104.0,2005
Q1551502,Throttle,2005 film by James Seale,2005-01-01T00:00:00Z,83.0,2005
Q155163,Alien vs. Predator,2004 film directed by Paul W. S. Anderson,2005-01-25T00:00:00Z,100.0,2005
Q1552835,Hazard,2005 film by Sion Sono,2005-01-01T00:00:00Z,103.0,2005
Q1553584,Kaal,2005 film by Soham Shah,2005-01-01T00:00:00Z,125.0,2005
Q1567731,Lassie,2005 film by Charles Sturridge,2005-01-01T00:00:00Z,100.0,2005
Q15702353,Danger,2005 film by Krishna Vamsi,2005-01-01T00:00:00Z,,2005
Q1571644,Hallesche Kometen,2005 film by Susanne Irina Zacharias,2005-01-01T00:00:00Z,83.0,2005
Q15732532,A Life in Suitcases,2005 film by Peter Greenaway,2005-01-01T00:00:00Z,120.0,2005
Q1584284,Happy Endings,2005 film by Don Roos,2005-01-01T00:00:00Z,127.0,2005
Q1584444,The Great Raid,2005 film by John Dahl,2005-08-10T00:00:00Z,115.0,2005
Q1584444,The Great Raid,2005 film by John Dahl,2005-01-01T00:00:00Z,115.0,2005
Q1591464,Habana Blues,2005 film by Benito Zambrano,2005-05-20T00:00:00Z,110.0,2005
Q1591464,Habana Blues,2005 film by Benito Zambrano,2005-03-18T00:00:00Z,110.0,2005
Q1591464,Habana Blues,2005 film by Benito Zambrano,2005-03-16T00:00:00Z,110.0,2005
Q1591464,Habana Blues,2005 film by Benito Zambrano,2005-03-15T00:00:00Z,110.0,2005
Q1592058,Haze,2005 film by Shinya Tsukamoto,2005-01-01T00:00:00Z,49.0,2005
Q160215,King Kong,2005 film directed by Peter Jackson,2005-12-17T00:00:00Z,187.0,2005
Q160215,King Kong,2005 film directed by Peter Jackson,2005-12-14T00:00:00Z,187.0,2005
Q1603068,Hellraiser: Deader,2005 film by Rick Bota,2005-01-01T00:00:00Z,88.0,2005
Q1603072,Hellraiser: Hellworld,2005 film directed by Rick Bota,2005-01-01T00:00:00Z,91.0,2005
Q16057814,A Film by Aravind,2005 film directed by Sekhar Suri,2005-01-01T00:00:00Z,,2005
Q160618,Brokeback Mountain,2005 film directed by Ang Lee,2005-12-23T00:00:00Z,134.0,2005
Q160618,Brokeback Mountain,2005 film directed by Ang Lee,2005-12-09T00:00:00Z,134.0,2005
Q160618,Brokeback Mountain,2005 film directed by Ang Lee,2005-09-02T00:00:00Z,134.0,2005
Q16081143,Balkan Brothers,2005 film,2005-01-01T00:00:00Z,87.0,2005
Q1608185,Black Dawn,2005 film by Alexander Gruszynski,2005-01-01T00:00:00Z,92.0,2005
Q16122256,Dars Khususi,2005 film,2005-01-01T00:00:00Z,,2005
Q16131435,Good Boys,2005 Israeli film by Yair Hochner,2005-01-01T00:00:00Z,75.0,2005
Q16160846,Lost in the Game,2005 film directed by MC Ren,2005-01-01T00:00:00Z,,2005
Q16162244,Blossom Again,2005 South Korean film directed by Jeong Ji-u,2005-09-29T00:00:00Z,115.0,2005
Q16176836,The Twins,2005 South Korean film directed by Park Heung-sik,2005-01-01T00:00:00Z,,2005
Q16184574,The Windmill Palm Grove,2005 South Korean film directed by Jonathan Yu,2005-09-15T00:00:00Z,108.0,2005
Q16191809,The Peter Pan Formula,2006 South Korean film directed by Cho Chang-ho,2005-10-10T00:00:00Z,109.0,2005
Q1621611,Hoboken Hollow,2005 film,2005-01-01T00:00:00Z,94.0,2005
Q162277,Alexander,2004 film by Oliver Stone,2005-01-14T00:00:00Z,175.0,2005
Q162277,Alexander,2004 film by Oliver Stone,2005-01-05T00:00:00Z,175.0,2005
Q162458,Beyond the Sea,2004 film by Kevin Spacey,2005-02-17T00:00:00Z,118.0,2005
Q16247509,Chetna: The Excitement,2005 film by Partho Ghosh,2005-06-24T00:00:00Z,,2005
Q16247831,Deadly Soma,2005 film,2005-08-26T00:00:00Z,,2005
Q16249716,Jogi,2005 film directed by Prem,2005-08-19T00:00:00Z,137.0,2005
Q16250467,Flirting with Anthony,2005 film by Christian Calson,2005-01-01T00:00:00Z,,2005
Q16251060,Maha Nandi,2005 film by V. Samudra,2005-12-03T00:00:00Z,,2005
Q16253892,Sangram,2005 film by Haranath Chakraborty,2005-01-01T00:00:00Z,,2005
Q16254098,Shakal Sandhya,2005 film by Swapan Saha,2005-01-01T00:00:00Z,,2005
Q16254138,Sheesha,2005 film by Ashu Trikha,2005-01-01T00:00:00Z,,2005
Q16254219,Shubhodrishti,2005 album,2005-11-04T00:00:00Z,,2005
Q16255104,Varsha,2005 film by S. Narayan,2005-01-01T00:00:00Z,,2005
Q16261087,When Romance Meets Destiny,2005 film directed by Kim Hyun-seok,2005-01-01T00:00:00Z,,2005
Q1626877,The Honeymooners,2005 film by John Schultz,2005-07-28T00:00:00Z,90.0,2005
Q1626877,The Honeymooners,2005 film by John Schultz,2005-01-01T00:00:00Z,90.0,2005
Q1630226,Manslaughter,2005 film by Per Fly,2005-08-26T00:00:00Z,100.0,2005
Q1630960,The Passenger,2005 film by Éric Caravaca,2005-01-01T00:00:00Z,76.0,2005
Q1631422,Andre the Butcher,2005 film directed by Philip Cruz,2005-01-01T00:00:00Z,83.0,2005
Q16323264,Brutal Incasso,2005 film by Jonas Kvist Jensen,2005-12-08T00:00:00Z,85.0,2005
Q16326704,Liubi,2005 film by Layia Yiourgou,2005-01-01T00:00:00Z,96.0,2005
Q1632935,Without a Paddle,2004 American film by Steven Brill,2005-01-13T00:00:00Z,99.0,2005
Q1633106,Wolf Creek,2005 film directed by Greg McLean,2005-01-01T00:00:00Z,99.0,2005
Q16411911,Mat the Cat,2005 film directed by René Vilbre,2005-02-23T00:00:00Z,75.0,2005
Q16412776,The Curse of Werewolf,2005 film by Rainer Sarnet,2005-01-01T00:00:00Z,90.0,2005
Q1642301,The Dark,2005 film by John Fawcett,2005-01-01T00:00:00Z,93.0,2005
Q164702,2046,2004 film directed by Wong Kar-Wai,2005-01-13T00:00:00Z,129.0,2005
Q1650277,House of 9,2005 film by Steven R. Monroe,2005-01-01T00:00:00Z,90.0,2005
Q165297,8mm 2,2005 direct-to-video film directed by J. S. Cardone,2005-01-01T00:00:00Z,106.0,2005
Q16543672,Confession,2005 film directed by Jonathan Meyers,2005-01-01T00:00:00Z,98.0,2005
Q16546533,Deadlines,2005 film by Ludi Boeken,2005-01-01T00:00:00Z,,2005
Q1655798,Iberia,2005 film by Carlos Saura,2005-01-01T00:00:00Z,120.0,2005
Q1659538,The Chosen,2005 film by Martin Söder,2005-01-01T00:00:00Z,100.0,2005
Q1659640,Imaginary Heroes,2004 film by Dan Harris,2005-11-10T00:00:00Z,107.0,2005
Q166262,Batman Begins,2005 film by Christopher Nolan,2005-07-27T00:00:00Z,140.0,2005
Q166262,Batman Begins,2005 film by Christopher Nolan,2005-06-16T00:00:00Z,140.0,2005
Q166262,Batman Begins,2005 film by Christopher Nolan,2005-06-15T00:00:00Z,140.0,2005
Q16637007,Frankenstein Reborn,2005 film by Leigh Scott,2005-01-01T00:00:00Z,,2005
Q16644217,J'ai vu tuer Ben Barka,2005 film by Serge Le Péron,2005-01-01T00:00:00Z,101.0,2005
Q1664537,Inside Deep Throat,2005 documentary film,2005-01-01T00:00:00Z,92.0,2005
Q16666426,Ni vieux ni traîtres,2005 film,2005-01-01T00:00:00Z,100.0,2005
Q16689764,Huayao Bride in Shangrila,2005 Chinese film,2005-04-13T00:00:00Z,87.0,2005
Q16690278,Infection,2005 film by Albert Pyun,2005-01-01T00:00:00Z,81.0,2005
Q16694451,Lethal,2005 film,2005-01-01T00:00:00Z,,2005
Q16699004,Cafundó,2005 film by Paulo Betti,2005-01-01T00:00:00Z,102.0,2005
Q1671523,Into the Sun,2005 American-Japanese film by Christopher Morrison,2005-01-01T00:00:00Z,93.0,2005
Q1676176,Izzat,2005 film by Ulrik Imtiaz Rolfsen,2005-01-01T00:00:00Z,103.0,2005
Q1678249,Hunt for Justice: the Louise Arbour Story,2005 film by Charles Binamé,2005-01-01T00:00:00Z,86.0,2005
Q1680389,Measures to Better the World,2005 film,2005-08-11T00:00:00Z,88.0,2005
Q1680389,Measures to Better the World,2005 film,2005-01-01T00:00:00Z,88.0,2005
Q16837035,Enteng Kabisote 2: Okay Ka Fairy Ko: The Legend Continues,2005 film,2005-01-01T00:00:00Z,115.0,2005
Q16845560,Hungama,2005 film by S. V. Krishna Reddy,2005-01-01T00:00:00Z,,2005
Q16850509,It's Only Talk,2005 film by Ryūichi Hiroki,2005-01-01T00:00:00Z,126.0,2005
Q168853,Factotum,2005 film by Bent Hamer,2005-12-08T00:00:00Z,92.0,2005
Q168853,Factotum,2005 film by Bent Hamer,2005-01-01T00:00:00Z,92.0,2005
Q169012,In Her Shoes,2005 film by Curtis Hanson,2005-11-10T00:00:00Z,125.0,2005
Q169012,In Her Shoes,2005 film by Curtis Hanson,2005-09-14T00:00:00Z,125.0,2005
Q169296,Something like Happiness,2005 film by Bohdan Sláma,2005-09-15T00:00:00Z,100.0,2005
Q16952613,Miss Peach: Peachy Sweetness Huge Breasts,2005 film by Yumi Yoshiyuki,2005-09-23T00:00:00Z,,2005
Q16955375,The Porcelain Doll,2005 film by Péter Gárdos,2005-02-05T00:00:00Z,75.0,2005
Q16956133,The Wake,2005 film by Nikos Grammatikos,2005-01-01T00:00:00Z,99.0,2005
Q16968623,Rishi,2005 film by Prakash,2005-01-21T00:00:00Z,,2005
Q1697426,The Fog,2005 film by Rupert Wainwright,2005-01-01T00:00:00Z,100.0,2005
Q17088545,Vishnu Sena,2005 film directed by Naganna,2005-01-01T00:00:00Z,,2005
Q17134776,The Life of Rayful Edmond,2005 film by Kirk Fraser,2005-01-01T00:00:00Z,,2005
Q1714251,Slipstream,2005 film,2005-01-01T00:00:00Z,83.0,2005
Q17146244,Resurrection: The J.R. Richard Story,2005 film by Greg Carter,2005-02-11T00:00:00Z,120.0,2005
Q171582,11:14,2003 film directed by Greg Marcks,2005-09-01T00:00:00Z,86.0,2005
Q171600,Eleven Men Out,2005 film by Róbert Ingi Douglas,2005-01-01T00:00:00Z,85.0,2005
Q1730538,The Last Sign,2005 film by Douglas Law,2005-01-01T00:00:00Z,82.0,2005
Q1736869,Katze im Sack,2005 film by Florian Schwarz,2005-01-01T00:00:00Z,86.0,2005
Q1737999,Keine Lieder über Liebe,2005 film by Lars Kraume,2005-10-27T00:00:00Z,98.0,2005
Q1737999,Keine Lieder über Liebe,2005 film by Lars Kraume,2005-01-01T00:00:00Z,98.0,2005
Q17383209,Tommy and the Wildcat,1998 Finnish film directed by Raimo O. Niemi,2005-04-14T00:00:00Z,101.0,2005
Q1741560,Kim Novak Never Swam in Genesaret's Lake,Swedish 2005 film directed by Martin Asphaug,2005-09-23T00:00:00Z,95.0,2005
Q174331,Kilomètre Zéro,2005 film by Huner Saleem,2005-05-12T00:00:00Z,91.0,2005
Q17444465,Virginity Sucks,2005 film directed by Ivo Macharácek,2005-01-01T00:00:00Z,96.0,2005
Q1747959,Vaah! Life Ho Toh Aisi!,2005 film by Mahesh Manjrekar,2005-01-01T00:00:00Z,137.0,2005
Q1747999,National Lampoon's Adam & Eve,2005 American film by Jeff Kanew,2005-01-01T00:00:00Z,91.0,2005
Q1749384,London,2005 film directed by Hunter Richards,2005-01-01T00:00:00Z,88.0,2005
Q1750312,The Dying Gaul,2005 film by Craig Lucas,2005-01-01T00:00:00Z,101.0,2005
Q175034,12 Tangos,2005 documentary film directed by Arne Birkenstock,2005-12-08T00:00:00Z,86.0,2005
Q175034,12 Tangos,2005 documentary film directed by Arne Birkenstock,2005-01-01T00:00:00Z,86.0,2005
Q175034,12 Tangos,2005 documentary film directed by Arne Birkenstock,2005-12-08T00:00:00Z,90.0,2005
Q175034,12 Tangos,2005 documentary film directed by Arne Birkenstock,2005-01-01T00:00:00Z,90.0,2005
Q1753580,What the Bleep Do We Know!?,2004 film by William Arntz,2005-11-24T00:00:00Z,108.0,2005
Q1753745,The Crow: Wicked Prayer,2005 film by Lance Mungia,2005-01-01T00:00:00Z,95.0,2005
Q1754202,Fierce People,2005 film by Griffin Dunne,2005-04-24T00:00:00Z,111.0,2005
Q1754344,The Man,2005 film by Les Mayfield,2005-01-01T00:00:00Z,80.0,2005
Q1755153,Lonesome Jim,2005 film by Steve Buscemi,2005-01-01T00:00:00Z,91.0,2005
Q1755269,Dirty Love,2005 film by John Mallory Asher,2005-01-01T00:00:00Z,91.0,2005
Q175600,Don't Come Knocking,2005 film by Wim Wenders,2005-08-25T00:00:00Z,122.0,2005
Q175600,Don't Come Knocking,2005 film by Wim Wenders,2005-01-01T00:00:00Z,122.0,2005
Q1756026,Hell,2005 film directed by Danis Tanović,2005-01-01T00:00:00Z,102.0,2005
Q1758519,Bang Bang Orangutang,2005 film by Simon Staho,2005-12-09T00:00:00Z,107.0,2005
Q1758519,Bang Bang Orangutang,2005 film by Simon Staho,2005-10-14T00:00:00Z,107.0,2005
Q1758519,Bang Bang Orangutang,2005 film by Simon Staho,2005-10-12T00:00:00Z,107.0,2005
Q1759278,Kissed by Winter,2005 Norwegian film directed by Sara Johnsen,2005-02-11T00:00:00Z,77.0,2005
Q1759682,Walk on Water,2004 film directed by Eytan Fox,2005-05-12T00:00:00Z,104.0,2005
Q1760695,No Direction Home,2005 documentary film by Martin Scorsese,2005-01-01T00:00:00Z,205.0,2005
Q1760823,Dag och natt,2004 film by Simon Staho,2005-03-14T00:00:00Z,95.0,2005
Q1760823,Dag och natt,2004 film by Simon Staho,2005-03-04T00:00:00Z,95.0,2005
Q176106,25 Degrees in Winter,2004 film by Stéphane Vuillet,2005-01-27T00:00:00Z,92.0,2005
Q1761295,Naboer,20058 Norvegian film directed by Pål Sletaune,2005-01-01T00:00:00Z,75.0,2005
Q1763250,Wallander – Mörkret,2005 film by Stephan Apelgren,2005-01-01T00:00:00Z,,2005
Q1763279,Afrikanen,2005 film by Stephan Apelgren,2005-01-01T00:00:00Z,,2005
Q1767344,Frozen Land,2005 film by Aku Louhimies,2005-01-14T00:00:00Z,130.0,2005
Q1767360,Wallander – Bröderna,2005 film by Jørn Faurschou,2005-01-01T00:00:00Z,,2005
Q1767580,Vodka Lemon,2003 film by Huner Saleem,2005-03-10T00:00:00Z,84.0,2005
Q1767604,Beauty and the Bastard,2005 film directed by Dome Karukoski,2005-01-01T00:00:00Z,102.0,2005
Q1767617,Wallander – Village idiot,2005 film by Jørn Faurschou,2005-01-01T00:00:00Z,92.0,2005
Q1768103,The Violin,2005 Film directed by Francisco Vargas,2005-03-11T00:00:00Z,95.0,2005
Q1772421,Camp Slaughter,2005 film directed by Alex Pucci,2005-01-01T00:00:00Z,94.0,2005
Q1779112,Street Fighter Alpha: Generations,2005 film,2005-01-01T00:00:00Z,45.0,2005
Q1779818,Combat Sixteen,2005 film by Mirko Borscht,2005-06-09T00:00:00Z,90.0,2005
Q1779818,Combat Sixteen,2005 film by Mirko Borscht,2005-01-20T00:00:00Z,90.0,2005
Q178094,The Notorious Bettie Page,2005 film by Mary Harron,2005-01-01T00:00:00Z,100.0,2005
Q1781803,Winky's Horse,2005 film by Mischa Kamp,2005-10-12T00:00:00Z,90.0,2005
Q1784272,Mangal Pandey: The Rising,2005 film by Ketan Mehta,2005-08-12T00:00:00Z,146.0,2005
Q1786902,Azumi 2: Death or Love,2005 film by Shūsuke Kaneko,2005-01-01T00:00:00Z,108.0,2005
Q1788591,H. G. Wells' War of the Worlds,2005 Japanese-American horror/fantasy film directed by David Michael Latt,2005-01-01T00:00:00Z,94.0,2005
Q1792217,Nynne,2005 film by Jonas Elmer,2005-01-01T00:00:00Z,94.0,2005
Q180337,The Proposition,2005 film by John Hillcoat,2005-01-01T00:00:00Z,99.0,2005
Q1808376,Joyride,2005 Dutch film,2005-01-01T00:00:00Z,,2005
Q1810314,Undead,2003 film directed by Michael Spierig and Peter Spierig,2005-07-01T00:00:00Z,100.0,2005
Q1810617,Dracula III: Legacy,2005 film by Patrick Lussier,2005-01-01T00:00:00Z,87.0,2005
Q1823840,Dear Frankie,2004 film by Shona Auerbach,2005-04-21T00:00:00Z,105.0,2005
Q18393896,The Uninvited Guest,2005 film by Guillem Morales,2005-01-01T00:00:00Z,,2005
Q184255,Million Dollar Baby,2004 film by Clint Eastwood,2005-03-24T00:00:00Z,132.0,2005
Q184255,Million Dollar Baby,2004 film by Clint Eastwood,2005-01-28T00:00:00Z,132.0,2005
Q18458466,Hanoi Hanoi,2008 Vietnamese Chinese movie directed by Bui Tuan Dung,2005-01-01T00:00:00Z,130.0,2005
Q1848718,Strange Circus,2005 film by Sion Sono,2005-01-01T00:00:00Z,108.0,2005
Q18511182,Break a Leg,2005 film directed by Monika Mitchell,2005-01-01T00:00:00Z,,2005
Q18511263,Crash Landing,2005 film by Jim Wynorski,2005-01-01T00:00:00Z,88.0,2005
Q18511264,Crimson Force,2005 film,2005-01-01T00:00:00Z,92.0,2005
Q18511288,Miracle at Sage Creek,2005 film,2005-01-01T00:00:00Z,90.0,2005
Q18524193,Bonjour Michel,2005 film by Arcangelo Bonaccorso,2005-01-01T00:00:00Z,95.0,2005
Q18537185,15,2005 film directed by Sergiu Nicolaescu,2005-01-01T00:00:00Z,95.0,2005
Q1854561,Millions,2004 film directed by Danny Boyle,2005-08-25T00:00:00Z,99.0,2005
Q1865670,Little Fish,2005 film by Rowan Woods,2005-01-01T00:00:00Z,114.0,2005
Q186900,13 Tzameti,2005 film directed by Géla Babluani,2005-09-01T00:00:00Z,86.0,2005
Q18693400,Restart,2005 film directed by Julius Ševčík,2005-01-01T00:00:00Z,85.0,2005
Q18695677,Alma mater,2004 Uruguayan film,2005-09-16T00:00:00Z,100.0,2005
Q1877716,Lust Connection,2005 film by Jim Wynorski,2005-01-01T00:00:00Z,77.0,2005
Q188000,Crash,2004 film by Paul Haggis,2005-08-04T00:00:00Z,112.0,2005
Q188000,Crash,2004 film by Paul Haggis,2005-05-06T00:00:00Z,112.0,2005
Q188000,Crash,2004 film by Paul Haggis,2005-08-04T00:00:00Z,115.0,2005
Q188000,Crash,2004 film by Paul Haggis,2005-05-06T00:00:00Z,115.0,2005
Q188064,The Thing About My Folks,2005 film by Raymond De Felitta,2005-01-01T00:00:00Z,94.0,2005
Q188335,Rebound,2005 American comedy film directed by Steve Carr,2005-01-01T00:00:00Z,86.0,2005
Q1891656,Too Fat Too Furious,2005 film by Tim Oliehoek,2005-01-01T00:00:00Z,,2005
Q1896336,Lomax the Songhunter,2004 film by Rogier Kappers,2005-10-13T00:00:00Z,92.0,2005
Q191040,Mr. & Mrs. Smith,2005 film by Doug Liman,2005-07-21T00:00:00Z,120.0,2005
Q191040,Mr. & Mrs. Smith,2005 film by Doug Liman,2005-07-08T00:00:00Z,120.0,2005
Q191040,Mr. & Mrs. Smith,2005 film by Doug Liman,2005-06-10T00:00:00Z,120.0,2005
Q191040,Mr. & Mrs. Smith,2005 film by Doug Liman,2005-06-07T00:00:00Z,120.0,2005
Q191040,Mr. & Mrs. Smith,2005 film by Doug Liman,2005-07-21T00:00:00Z,126.0,2005
Q191040,Mr. & Mrs. Smith,2005 film by Doug Liman,2005-07-08T00:00:00Z,126.0,2005
Q191040,Mr. & Mrs. Smith,2005 film by Doug Liman,2005-06-10T00:00:00Z,126.0,2005
Q191040,Mr. & Mrs. Smith,2005 film by Doug Liman,2005-06-07T00:00:00Z,126.0,2005
Q1913681,Max und Moritz Reloaded,2005 film by Thomas Frydetzki and Annette Stefan,2005-04-28T00:00:00Z,92.0,2005
Q1913681,Max und Moritz Reloaded,2005 film by Thomas Frydetzki and Annette Stefan,2005-01-01T00:00:00Z,92.0,2005
Q19162122,The Crescent Moon,2005 South Korean film,2005-08-25T00:00:00Z,105.0,2005
Q1917106,Bonkers,2005 film by Martin Koolhoven,2005-10-16T00:00:00Z,83.0,2005
Q1917937,Rascals on the Road,2005 film by Michael Steiner,2005-01-01T00:00:00Z,100.0,2005
Q192115,Sin City,2005 film directed by Frank Miller and Robert Rodriguez,2005-08-11T00:00:00Z,124.0,2005
Q192115,Sin City,2005 film directed by Frank Miller and Robert Rodriguez,2005-07-01T00:00:00Z,124.0,2005
Q192115,Sin City,2005 film directed by Frank Miller and Robert Rodriguez,2005-04-01T00:00:00Z,124.0,2005
Q192301,Broken Flowers,2005 film directed by Jim Jarmusch,2005-09-08T00:00:00Z,106.0,2005
Q192301,Broken Flowers,2005 film directed by Jim Jarmusch,2005-08-26T00:00:00Z,106.0,2005
Q192301,Broken Flowers,2005 film directed by Jim Jarmusch,2005-08-12T00:00:00Z,106.0,2005
Q192301,Broken Flowers,2005 film directed by Jim Jarmusch,2005-08-05T00:00:00Z,106.0,2005
Q192301,Broken Flowers,2005 film directed by Jim Jarmusch,2005-05-17T00:00:00Z,106.0,2005
Q1930376,Classic Albums: Nirvana – Nevermind,2005 documentary DVD,2005-01-01T00:00:00Z,,2005
Q1931784,The Intruder,2005 film by Frank Van Mechelen,2005-03-16T00:00:00Z,109.0,2005
Q19358,The Tiger and the Snow,2005 film by Roberto Benigni,2005-01-01T00:00:00Z,114.0,2005
Q1944468,Mongolian Ping Pong,2005 film by Ning Hao,2005-12-15T00:00:00Z,102.0,2005
Q1944468,Mongolian Ping Pong,2005 film by Ning Hao,2005-01-01T00:00:00Z,102.0,2005
Q194649,Import-Export,2005 film by Khalid Hussain,2005-09-02T00:00:00Z,90.0,2005
Q1946639,Duma,2005 film by Carroll Ballard,2005-01-01T00:00:00Z,100.0,2005
Q194702,The White Masai,2005 film by Hermine Huntgeburth,2005-09-15T00:00:00Z,131.0,2005
Q194702,The White Masai,2005 film by Hermine Huntgeburth,2005-01-01T00:00:00Z,131.0,2005
Q19473349,The Bathroom,2005 film by Mustafa Altıoklar,2005-01-01T00:00:00Z,87.0,2005
Q1952460,The Adventures of Greyfriars Bobby,2005 film by John Henderson,2005-01-01T00:00:00Z,103.0,2005
Q19573573,Pandem,2005 film by Sabapathy Dekshinamurthy,2005-01-01T00:00:00Z,,2005
Q19581271,Rakshasa,2005 film by Sadhu Kokila,2005-01-01T00:00:00Z,,2005
Q1961627,NVA,2005 film directed by Leander Haußmann,2005-09-29T00:00:00Z,94.0,2005
Q1961627,NVA,2005 film directed by Leander Haußmann,2005-01-01T00:00:00Z,94.0,2005
Q196184,Pulse,2001 film directed by Kiyoshi Kurosawa,2005-11-09T00:00:00Z,114.0,2005
Q1967531,Fatal Reunion,2005 film,2005-01-01T00:00:00Z,90.0,2005
Q1967705,First on the Moon,2005 film by Aleksei Fedorchenko,2005-09-29T00:00:00Z,75.0,2005
Q1967705,First on the Moon,2005 film by Aleksei Fedorchenko,2005-09-01T00:00:00Z,75.0,2005
Q19729289,Mirror,2005 Indonesian film by Hanny R. Saputra,2005-01-01T00:00:00Z,,2005
Q19729297,Missing,2005 film by Chiska Doppert,2005-01-01T00:00:00Z,90.0,2005
Q197470,Headspace,2005 film by Andrew van den Houten,2005-01-01T00:00:00Z,89.0,2005
Q1978725,Netto,2005 film directed by Robert Thalheim,2005-05-05T00:00:00Z,87.0,2005
Q1978725,Netto,2005 film directed by Robert Thalheim,2005-01-18T00:00:00Z,87.0,2005
Q1982253,Neverwas,2005 film directed by Joshua Michael Stern,2005-01-01T00:00:00Z,103.0,2005
Q1982445,Legion of the Dead,2005 film by Paul Bales,2005-01-01T00:00:00Z,90.0,2005
Q1988785,Air Bud: Spikes Back,2003 film,2005-03-17T00:00:00Z,87.0,2005
Q1992938,Nine Lives,2005 film by Rodrigo García,2005-01-01T00:00:00Z,115.0,2005
Q19942350,Apa Artinya Cinta?,2005 film by Sunil Soraya,2005-01-01T00:00:00Z,,2005
Q1996707,Kameleon 2,2005 film by Steven de Jong,2005-01-01T00:00:00Z,,2005
Q2001505,Tamara,2005 film directed by Jeremy R. Haft,2005-01-01T00:00:00Z,90.0,2005
Q2005056,Shopgirl,2005 film by Anand Tucker,2005-01-01T00:00:00Z,99.0,2005
Q2005954,Star Wreck: In the Pirkinning,2005 film directed by Timo Vuorensola,2005-01-01T00:00:00Z,103.0,2005
Q2017672,Oktoberfest,2005 film by Johannes Brunner,2005-09-01T00:00:00Z,120.0,2005
Q2017672,Oktoberfest,2005 film by Johannes Brunner,2005-01-01T00:00:00Z,120.0,2005
Q201924,The Aviator,2004 film directed by Martin Scorsese,2005-01-20T00:00:00Z,170.0,2005
Q202028,War of the Worlds,2005 film directed by Steven Spielberg,2005-06-29T00:00:00Z,117.0,2005
Q2021361,Dosti: Friends Forever,2005 film by Suneel Darshan,2005-01-01T00:00:00Z,,2005
Q202681,Joint Security Area,2000 South Korean film directed by Park Chan-wook,2005-06-15T00:00:00Z,110.0,2005
Q2034584,The Wendell Baker Story,"2005 film by Luke Wilson, Andrew Wilson",2005-03-11T00:00:00Z,99.0,2005
Q2034982,All Souls,2005 film,2005-04-12T00:00:00Z,90.0,2005
Q2036064,Pooh's Heffalump Halloween Movie,2005 film directed by Elliot M. Bour and Saul Andrew Blinkoff,2005-01-01T00:00:00Z,65.0,2005
Q2036518,Parineeta,2005 film by Pradeep Sarkar,2005-01-01T00:00:00Z,129.0,2005
Q20494890,Concrete Hearts,2005 film by Michael Ziele,2005-01-01T00:00:00Z,87.0,2005
Q20494915,Karen Blixen - Out of This World,2005 film by Anna von Lowzow,2005-01-01T00:00:00Z,59.0,2005
Q20495075,Lykketoft finale,2005 film by Christoffer Guldbrandsen,2005-01-01T00:00:00Z,55.0,2005
Q20495967,The Jewish Toy Merchant,2005 film by Jacob Grønlykke,2005-04-21T00:00:00Z,84.0,2005
Q20529304,Shop of Dreams,2005 film by Peeter Urbla,2005-01-01T00:00:00Z,110.0,2005
Q2055105,Johan,2005 film by Nicole van Kilsdonk,2005-10-06T00:00:00Z,90.0,2005
Q20577995,Girov,2005 film by Eldar Kuliev,2005-01-01T00:00:00Z,92.0,2005
Q2060044,Takeshis',2005 film by Takeshi Kitano,2005-01-01T00:00:00Z,108.0,2005
Q2060567,Submerged,2005 film by Anthony Hickox,2005-01-01T00:00:00Z,92.0,2005
Q2060606,Because of Winn-Dixie,2005 film by Wayne Wang,2005-09-22T00:00:00Z,106.0,2005
Q2060606,Because of Winn-Dixie,2005 film by Wayne Wang,2005-08-24T00:00:00Z,106.0,2005
Q2060606,Because of Winn-Dixie,2005 film by Wayne Wang,2005-07-14T00:00:00Z,106.0,2005
Q2060606,Because of Winn-Dixie,2005 film by Wayne Wang,2005-07-01T00:00:00Z,106.0,2005
Q2060606,Because of Winn-Dixie,2005 film by Wayne Wang,2005-06-24T00:00:00Z,106.0,2005
Q2060606,Because of Winn-Dixie,2005 film by Wayne Wang,2005-04-15T00:00:00Z,106.0,2005
Q2060606,Because of Winn-Dixie,2005 film by Wayne Wang,2005-02-25T00:00:00Z,106.0,2005
Q2060606,Because of Winn-Dixie,2005 film by Wayne Wang,2005-02-18T00:00:00Z,106.0,2005
Q2060606,Because of Winn-Dixie,2005 film by Wayne Wang,2005-01-29T00:00:00Z,106.0,2005
Q2060606,Because of Winn-Dixie,2005 film by Wayne Wang,2005-01-26T00:00:00Z,106.0,2005
Q2061109,Daltry Calhoun,2005 film by Katrina Holden Bronson,2005-01-01T00:00:00Z,100.0,2005
Q2062163,All About Anna,2005 film by Jessica Nilsson,2005-11-24T00:00:00Z,91.0,2005
Q2062163,All About Anna,2005 film by Jessica Nilsson,2005-01-24T00:00:00Z,91.0,2005
Q2062601,One Missed Call 2,2005 film by Renpei Tsukamoto,2005-01-01T00:00:00Z,102.0,2005
Q2062876,Our Very Own,2005 film by Cameron Watson,2005-06-22T00:00:00Z,,2005
Q2064773,Viva Cuba,2005 film by Juan Carlos Cremata Malberti,2005-01-01T00:00:00Z,79.0,2005
Q20649154,A Buddha,2005 film by Diego Rafecas,2005-01-01T00:00:00Z,115.0,2005
Q2066055,Be with Me,2005 film by Eric Khoo,2005-01-01T00:00:00Z,93.0,2005
Q2067143,Tony Takitani,2004 film by Jun Ichikawa,2005-06-09T00:00:00Z,76.0,2005
Q20728194,Between a smile and a tear - a tribute to the Montmartre,2005 film by Niels Lan Doky,2005-07-01T00:00:00Z,103.0,2005
Q20728741,Fucking 14,2005 film by Christina Rosendahl,2005-01-01T00:00:00Z,22.0,2005
Q20729320,Ondskabens anatomi,documentary by Ove Nyholm from 2005,2005-11-25T00:00:00Z,93.0,2005
Q20729611,The Danish Solution,2005 documentary film directed by Karen Cantor and Camilla Kjærulff,2005-05-06T00:00:00Z,58.0,2005
Q20756156,Det danske dogmeri,2005 film by Erik Lennart Petersen,2005-01-01T00:00:00Z,67.0,2005
Q20757304,Tilbageblik på 'Mifunes sidste sang',2005 film by Erik Lennart Petersen,2005-01-01T00:00:00Z,20.0,2005
Q2075969,My Little Pony: A Very Minty Christmas,2005 film,2005-01-01T00:00:00Z,42.0,2005
Q207698,Kingdom of Heaven,2005 film directed by Ridley Scott,2005-05-06T00:00:00Z,144.0,2005
Q207698,Kingdom of Heaven,2005 film directed by Ridley Scott,2005-05-05T00:00:00Z,144.0,2005
Q207698,Kingdom of Heaven,2005 film directed by Ridley Scott,2005-05-04T00:00:00Z,144.0,2005
Q207698,Kingdom of Heaven,2005 film directed by Ridley Scott,2005-01-01T00:00:00Z,144.0,2005
Q207698,Kingdom of Heaven,2005 film directed by Ridley Scott,2005-05-06T00:00:00Z,190.0,2005
Q207698,Kingdom of Heaven,2005 film directed by Ridley Scott,2005-05-05T00:00:00Z,190.0,2005
Q207698,Kingdom of Heaven,2005 film directed by Ridley Scott,2005-05-04T00:00:00Z,190.0,2005
Q207698,Kingdom of Heaven,2005 film directed by Ridley Scott,2005-01-01T00:00:00Z,190.0,2005
Q20816411,Fuego en el alma,2005 film,2005-01-01T00:00:00Z,105.0,2005
Q208204,Finding Neverland,2004 historical fantasy drama film by Marc Forster,2005-02-10T00:00:00Z,97.0,2005
Q20850860,Wie Licht schmeckt,2005 film by Maurus vom Scheidt,2005-10-27T00:00:00Z,87.0,2005
Q20900115,Bhagmati,2005 film,2005-06-01T00:00:00Z,,2005
Q2092105,The Ballad of Jack and Rose,2005 film by Rebecca Miller,2005-03-25T00:00:00Z,112.0,2005
Q2092105,The Ballad of Jack and Rose,2005 film by Rebecca Miller,2005-01-23T00:00:00Z,112.0,2005
Q2092126,Romance & Cigarettes,2005 film by John Turturro,2005-01-01T00:00:00Z,115.0,2005
Q2097150,Pit Fighter,2005 film by Jesse V. Johnson,2005-01-01T00:00:00Z,83.0,2005
Q2100799,Off Screen,2005 film by Pieter Kuijpers,2005-01-01T00:00:00Z,94.0,2005
Q2102172,Polly Blue Eyes,2005 film by Tomy Wigand,2005-11-03T00:00:00Z,101.0,2005
Q2102172,Polly Blue Eyes,2005 film by Tomy Wigand,2005-01-01T00:00:00Z,101.0,2005
Q2102224,Verlengd weekend,2005 film by Hans Herbots,2005-01-01T00:00:00Z,93.0,2005
Q2104413,King of the Lost World,2005 film by Leigh Scott,2005-01-01T00:00:00Z,90.0,2005
Q211278,2001 Maniacs,2005 film directed by Tim Sullivan,2005-10-21T00:00:00Z,87.0,2005
Q211278,2001 Maniacs,2005 film directed by Tim Sullivan,2005-07-09T00:00:00Z,87.0,2005
Q2114194,Alien Abduction,2005 film directed by Eric Forsberg,2005-01-01T00:00:00Z,90.0,2005
Q21161444,Slingshot,2005 film by Jay Alaimo,2005-01-01T00:00:00Z,,2005
Q2116986,Lower City,2005 film by Sérgio Machado,2005-05-16T00:00:00Z,93.0,2005
Q2119348,The Producers,2005 film by Susan Stroman,2005-12-16T00:00:00Z,134.0,2005
Q2120775,Roll Bounce,2005 film by Malcolm D. Lee,2005-09-23T00:00:00Z,112.0,2005
Q212098,Closer,2004 film directed by Mike Nichols,2005-01-13T00:00:00Z,104.0,2005
Q2127176,Rag Tale,2005 film by Mary McGuckian,2005-01-01T00:00:00Z,118.0,2005
Q2131368,Election,2005 Hong Kong film directed by Johnnie To,2005-12-30T00:00:00Z,101.0,2005
Q2131368,Election,2005 Hong Kong film directed by Johnnie To,2005-11-11T00:00:00Z,101.0,2005
Q2131368,Election,2005 Hong Kong film directed by Johnnie To,2005-10-20T00:00:00Z,101.0,2005
Q2131368,Election,2005 Hong Kong film directed by Johnnie To,2005-05-14T00:00:00Z,101.0,2005
Q2135779,Plop en het vioolavontuur,2005 film by Matthias Temmermans,2005-01-01T00:00:00Z,65.0,2005
Q2139961,Thumbsucker,2005 film by Mike Mills,2005-09-16T00:00:00Z,96.0,2005
Q2139961,Thumbsucker,2005 film by Mike Mills,2005-01-23T00:00:00Z,96.0,2005
Q21408175,Path,2005 film by Ruben Kochar,2005-01-01T00:00:00Z,112.0,2005
Q2141815,U-Carmen eKhayelitsha,2005 South African film directed by Mark Dornford-May,2005-12-22T00:00:00Z,120.0,2005
Q2141815,U-Carmen eKhayelitsha,2005 South African film directed by Mark Dornford-May,2005-01-01T00:00:00Z,120.0,2005
Q2143380,Flirt,2005 film by Jaap van Eyck,2005-02-17T00:00:00Z,90.0,2005
Q2151877,Riding Giants,2004 film by Stacy Peralta,2005-07-07T00:00:00Z,104.0,2005
Q2155524,River Queen,2005 film directed by Vincent Ward,2005-01-01T00:00:00Z,109.0,2005
Q2159973,Robinson Crusoe on Sin Island,2005 pornographic film by Alessandro Del Mar,2005-09-19T00:00:00Z,105.0,2005
Q2160779,3 Dancing Slaves,2004 French film directed by Gaël Morel,2005-09-02T00:00:00Z,86.0,2005
Q2160779,3 Dancing Slaves,2004 French film directed by Gaël Morel,2005-06-17T00:00:00Z,86.0,2005
Q2160779,3 Dancing Slaves,2004 French film directed by Gaël Morel,2005-06-01T00:00:00Z,86.0,2005
Q2160779,3 Dancing Slaves,2004 French film directed by Gaël Morel,2005-05-30T00:00:00Z,86.0,2005
Q2160779,3 Dancing Slaves,2004 French film directed by Gaël Morel,2005-05-13T00:00:00Z,86.0,2005
Q2160779,3 Dancing Slaves,2004 French film directed by Gaël Morel,2005-04-23T00:00:00Z,86.0,2005
Q2160779,3 Dancing Slaves,2004 French film directed by Gaël Morel,2005-03-10T00:00:00Z,86.0,2005
Q21646312,Dhairyam,2005 Telugu film directed by Teja,2005-02-12T00:00:00Z,,2005
Q21646992,Shashtri,2005 film,2005-01-01T00:00:00Z,,2005
Q2165131,O Casamento de Romeu e Julieta,2005 film by Bruno Barreto,2005-03-18T00:00:00Z,92.0,2005
Q217008,Blade: Trinity,2004 film by David S. Goyer,2005-01-20T00:00:00Z,113.0,2005
Q21747168,Devil's Point,2005 film,2005-01-01T00:00:00Z,90.0,2005
Q2180071,Someone Else's Happiness,2005 film by Fien Troch,2005-01-01T00:00:00Z,98.0,2005
Q218235,Charlie and the Chocolate Factory,2005 film directed by Tim Burton,2005-08-11T00:00:00Z,115.0,2005
Q218235,Charlie and the Chocolate Factory,2005 film directed by Tim Burton,2005-07-15T00:00:00Z,115.0,2005
Q218235,Charlie and the Chocolate Factory,2005 film directed by Tim Burton,2005-07-10T00:00:00Z,115.0,2005
Q21869688,Remo,2016 Tamil film directed by Bakkiyaraj Kannan,2005-01-01T00:00:00Z,151.0,2005
Q2187260,Nuit noire,2005 film by Olivier Smolders,2005-01-01T00:00:00Z,90.0,2005
Q2189138,Angry Monk - Reflections on Tibet,A documentary film by Luc Schaedler from 2005,2005-09-01T00:00:00Z,97.0,2005
Q219150,Constantine,2005 film directed by Francis Lawrence,2005-02-18T00:00:00Z,116.0,2005
Q219150,Constantine,2005 film directed by Francis Lawrence,2005-02-17T00:00:00Z,116.0,2005
Q219150,Constantine,2005 film directed by Francis Lawrence,2005-02-07T00:00:00Z,116.0,2005
Q2207476,Finding Friends,2005 Norwegian film directed by Arne Lindtner Næss,2005-02-18T00:00:00Z,89.0,2005
Q2212493,Saint-Jacques... La Mecque,2005 film by Coline Serreau,2005-01-01T00:00:00Z,103.0,2005
Q2226278,Schnitzel Paradise,2005 film directed by Martin Koolhoven,2005-09-08T00:00:00Z,82.0,2005
Q22283522,Loop,2005 Norwegian film directed by Sjur Paulsen,2005-02-18T00:00:00Z,74.0,2005
Q2229022,Scared,2005 film by Pakphum Wonjinda,2005-11-10T00:00:00Z,81.0,2005
Q22351063,Csudafilm,film directed by Elemér Ragályi,2005-01-27T00:00:00Z,,2005
Q223884,Hotel Rwanda,2004 film by Terry George,2005-04-07T00:00:00Z,121.0,2005
Q223884,Hotel Rwanda,2004 film by Terry George,2005-03-18T00:00:00Z,121.0,2005
Q224069,The Island,2005 film directed by Michael Bay,2005-08-26T00:00:00Z,136.0,2005
Q224069,The Island,2005 film directed by Michael Bay,2005-08-04T00:00:00Z,136.0,2005
Q224069,The Island,2005 film directed by Michael Bay,2005-07-22T00:00:00Z,136.0,2005
Q2241055,Sea of Silence,2003 film by Stijn Coninx,2005-05-12T00:00:00Z,105.0,2005
Q224130,Fantastic Four,2005 film directed by Tim Story,2005-09-17T00:00:00Z,102.0,2005
Q224130,Fantastic Four,2005 film directed by Tim Story,2005-09-16T00:00:00Z,102.0,2005
Q224130,Fantastic Four,2005 film directed by Tim Story,2005-08-11T00:00:00Z,102.0,2005
Q224130,Fantastic Four,2005 film directed by Tim Story,2005-07-20T00:00:00Z,102.0,2005
Q224130,Fantastic Four,2005 film directed by Tim Story,2005-07-14T00:00:00Z,102.0,2005
Q224130,Fantastic Four,2005 film directed by Tim Story,2005-07-09T00:00:00Z,102.0,2005
Q224130,Fantastic Four,2005 film directed by Tim Story,2005-07-08T00:00:00Z,102.0,2005
Q224130,Fantastic Four,2005 film directed by Tim Story,2005-01-01T00:00:00Z,102.0,2005
Q2247375,Schneeland,2004 film by Hans W. Geißendörfer,2005-01-20T00:00:00Z,145.0,2005
Q2249212,Manuale d'amore,2005 film by Giovanni Veronesi,2005-01-01T00:00:00Z,116.0,2005
Q2275218,Severed,2005 film by Carl Bessai,2005-01-01T00:00:00Z,101.0,2005
Q2276844,Besieged,1998 film by Bernardo Bertolucci,2005-09-02T00:00:00Z,93.0,2005
Q2276844,Besieged,1998 film by Bernardo Bertolucci,2005-03-03T00:00:00Z,93.0,2005
Q2278794,Shikhar,2005 film by John Matthew Matthan,2005-01-01T00:00:00Z,156.0,2005
Q2279131,The Derby Stallion,2005 film by Craig Clyde,2005-01-01T00:00:00Z,85.0,2005
Q2282109,You Are So Beautiful,2005 film by Isabelle Mergault,2005-01-01T00:00:00Z,97.0,2005
Q2283165,Siegfried,2005 film by Sven Unterwaldt,2005-07-28T00:00:00Z,85.0,2005
Q2283165,Siegfried,2005 film by Sven Unterwaldt,2005-07-14T00:00:00Z,85.0,2005
Q2293234,In the Mix,2005 film by Ron Underwood,2005-11-23T00:00:00Z,95.0,2005
Q229636,3 Needles,2005 film by Thom Fitzgerald,2005-01-01T00:00:00Z,123.0,2005
Q2297246,Holy Lola,2004 French drama film directed by Bertrand Tavernier,2005-08-18T00:00:00Z,128.0,2005
Q2298780,Shanghai Dreams,2005 film by Wang Xiaoshuai,2005-06-03T00:00:00Z,123.0,2005
Q2298780,Shanghai Dreams,2005 film by Wang Xiaoshuai,2005-05-17T00:00:00Z,123.0,2005
Q2300400,SommerHundeSöhne,2004 film by Cyril Tuschi,2005-09-08T00:00:00Z,100.0,2005
Q230545,Dalecarlians,2004 film by Maria Blom,2005-09-22T00:00:00Z,98.0,2005
Q230545,Dalecarlians,2004 film by Maria Blom,2005-05-13T00:00:00Z,98.0,2005
Q2306995,The Dukes of Hazzard,2005 film by Jay Chandrasekhar,2005-10-06T00:00:00Z,104.0,2005
Q2306995,The Dukes of Hazzard,2005 film by Jay Chandrasekhar,2005-07-27T00:00:00Z,104.0,2005
Q232081,İki Genç Kız,2005 film by Kutluğ Ataman,2005-01-01T00:00:00Z,107.0,2005
Q2338802,A Year Without Love,2005 film by Anahí Berneri,2005-01-01T00:00:00Z,93.0,2005
Q2341849,Little Manhattan,2005 film directed by Mark Levin,2005-09-30T00:00:00Z,90.0,2005
Q2352173,Stories of Lost Souls,2005 compilation of eight cinematic stories,2005-01-01T00:00:00Z,86.0,2005
Q2362509,Welcome to the Quiet Room,2005 film by Suzuki Matsuo,2005-12-15T00:00:00Z,118.0,2005
Q2367767,Domino One,2005 film by Nick Louvel,2005-01-01T00:00:00Z,86.0,2005
Q2369836,Shadowboxing,2005 film by Aleksey Sidorov,2005-03-17T00:00:00Z,132.0,2005
Q2378130,Dark Horse,2005 film directed by Dagur Kári,2005-05-13T00:00:00Z,104.0,2005
Q2384522,Scrap Heaven,2005 film by Lee Sang-il,2005-01-01T00:00:00Z,117.0,2005
Q2385651,Chulsoo & Younghee,2005 film by Hwang Gyu-deok,2005-01-17T00:00:00Z,,2005
Q238858,An Unfinished Life,2005 film by Lasse Hallström,2005-11-24T00:00:00Z,108.0,2005
Q238858,An Unfinished Life,2005 film by Lasse Hallström,2005-01-01T00:00:00Z,108.0,2005
Q238866,Wedding Crashers,2005 film directed by David Dobkin,2005-07-14T00:00:00Z,119.0,2005
Q238866,Wedding Crashers,2005 film directed by David Dobkin,2005-07-13T00:00:00Z,119.0,2005
Q2389686,El Aura,2005 film by Fabián Bielinsky,2005-01-01T00:00:00Z,138.0,2005
Q2399393,A Common Thread,2004 film by Éléonore Faucher,2005-05-19T00:00:00Z,88.0,2005
Q23999835,Mall Cop,2005 film,2005-01-01T00:00:00Z,87.0,2005
Q2401311,Vaada,2005 film by Satish Kaushik,2005-01-01T00:00:00Z,,2005
Q2403505,Diamond Zero,2005 film by David Gaz & Annelie Wilder,2005-01-01T00:00:00Z,,2005
Q2407956,Aliens of the Deep,2005 film by Steven Quale and James Cameron,2005-08-25T00:00:00Z,47.0,2005
Q2407956,Aliens of the Deep,2005 film by Steven Quale and James Cameron,2005-01-28T00:00:00Z,47.0,2005
Q2412827,The Mighty Celt,2005 film by Pearse Elliott,2005-01-01T00:00:00Z,82.0,2005
Q241482,50 First Dates,2004 film by Peter Segal,2005-06-18T00:00:00Z,95.0,2005
Q2416117,Guy X,2005 film by Saul Metzstein,2005-01-01T00:00:00Z,101.0,2005
Q2426181,Black Swans,2005 film by Colette Bothof,2005-01-01T00:00:00Z,95.0,2005
Q2427304,Race You to the Bottom,2005 film directed by Russell Brown,2005-01-01T00:00:00Z,,2005
Q2436011,Edmond,2005 film directed by Stuart Gordon,2005-01-01T00:00:00Z,82.0,2005
Q2438579,Murk,2005 film by Jannik Johansen,2005-08-19T00:00:00Z,120.0,2005
Q2444226,Nature Unleashed: Tornado,2005 film by Alain Jakubowicz,2005-04-12T00:00:00Z,89.0,2005
Q2444789,Hush Hush Baby,2004 film by Albert Ter Heerdt,2005-12-01T00:00:00Z,,2005
Q2445919,Touch,2005 Japanese film,2005-01-01T00:00:00Z,116.0,2005
Q2454871,Long Dark Kiss,2005 film directed by Valerie Landsburg,2005-03-02T00:00:00Z,,2005
Q2478495,Wrong Side Up,2005 film by Petr Zelenka,2005-01-01T00:00:00Z,100.0,2005
Q2480715,All the Invisible Children,"2005 anthology film directed by Mehdi Charef, Emir Kusturica, Spike Lee, Kátia Lund, Jordan Scott & Ridley Scott, Stefano Veneruso and John Woo",2005-01-01T00:00:00Z,116.0,2005
Q248354,Infernal Affairs III,2003 film directed by Andrew Lau and Alan Mak,2005-04-16T00:00:00Z,118.0,2005
Q248354,Infernal Affairs III,2003 film directed by Andrew Lau and Alan Mak,2005-01-06T00:00:00Z,118.0,2005
Q249422,À travers la forêt,2005 film by Jean-Paul Civeyrac,2005-01-01T00:00:00Z,65.0,2005
Q2497076,Unter dem Eis,2005 film by Aelrun Goette,2005-01-01T00:00:00Z,92.0,2005
Q2500842,Urlaub vom Leben,2005 film by Neele Vollmar,2005-01-01T00:00:00Z,83.0,2005
Q2501232,The Blossoming of Maximo Oliveros,2005 film by Auraeus Solito,2005-11-30T00:00:00Z,100.0,2005
Q2501232,The Blossoming of Maximo Oliveros,2005 film by Auraeus Solito,2005-07-13T00:00:00Z,100.0,2005
Q250836,Mozart and the Whale,2005 film by Petter Næss,2005-01-01T00:00:00Z,90.0,2005
Q251063,Niagara Motel,2005 film by Gary Yates,2005-09-25T00:00:00Z,88.0,2005
Q2516705,What a Wonderful Place,2005 film directed by Eyal Halfon,2005-01-01T00:00:00Z,96.0,2005
Q2518795,Nana,2005 Japanese drama film directed by Kentarō Ōtani,2005-09-03T00:00:00Z,113.0,2005
Q251908,Chhatrapati,2005 film directed by S.S. Rajamouli,2005-01-01T00:00:00Z,158.0,2005
Q252097,Diary of a Mad Black Woman,2005 film directed by Darren Grant,2005-01-01T00:00:00Z,116.0,2005
Q2528045,Viruddh... Family Comes First,2005 film by Mahesh Manjrekar,2005-01-01T00:00:00Z,133.0,2005
Q2529689,Carlito's Way: Rise to Power,2005 film by Michael Bregman,2005-01-01T00:00:00Z,100.0,2005
Q2530218,20 centímetros,2005 film by Ramón Salazar,2005-10-12T00:00:00Z,112.0,2005
Q2530218,20 centímetros,2005 film by Ramón Salazar,2005-09-22T00:00:00Z,112.0,2005
Q2530218,20 centímetros,2005 film by Ramón Salazar,2005-08-26T00:00:00Z,112.0,2005
Q2530218,20 centímetros,2005 film by Ramón Salazar,2005-06-10T00:00:00Z,112.0,2005
Q25302710,The Film,2005 Indian film,2005-11-25T00:00:00Z,,2005
Q25382843,Egoshooter,2004 film by Christian Becker and Oliver Schwabe,2005-02-24T00:00:00Z,72.0,2005
Q25388538,SideFX,2005 film by Patrick Johnson,2005-01-01T00:00:00Z,,2005
Q25397306,Piccadilly Jim,2005 film by John McKay,2005-01-01T00:00:00Z,97.0,2005
Q2540464,Truth or Dare,2005 film by Jan Martin Scharf and Arne Nolting,2005-01-01T00:00:00Z,86.0,2005
Q2540799,Waiting for the Clouds,2003 film by Yeşim Ustaoğlu,2005-12-08T00:00:00Z,94.0,2005
Q2547460,Koi Tujh Sa Kahan,2005 film by Reema Khan,2005-08-12T00:00:00Z,,2005
Q2548930,Waqt: The Race Against Time,2005 film by Vipul Amrutlal Shah,2005-01-01T00:00:00Z,153.0,2005
Q2550124,The King,2005 film by James Marsh,2005-01-01T00:00:00Z,105.0,2005
Q2550293,House of D,2004 film by David Duchovny,2005-04-15T00:00:00Z,97.0,2005
Q255137,Guess Who,2005 film by Kevin Rodney Sullivan,2005-09-15T00:00:00Z,105.0,2005
Q255137,Guess Who,2005 film by Kevin Rodney Sullivan,2005-03-25T00:00:00Z,105.0,2005
Q25516943,Touched by the Unknown,2005 film by Jaak Kilmi,2005-01-01T00:00:00Z,86.0,2005
Q2553516,The Four Saints,2005 film,2005-01-01T00:00:00Z,,2005
Q2559560,Me and You and Everyone We Know,2005 film directed by Miranda July,2005-01-01T00:00:00Z,90.0,2005
Q256037,Stage Beauty,2004 film by Richard Eyre,2005-09-29T00:00:00Z,109.0,2005
Q2565121,Kids in America,2005 film by Josh Stolberg,2005-01-01T00:00:00Z,91.0,2005
Q2566971,Crimen Ferpecto,2004 film by Álex de la Iglesia,2005-05-26T00:00:00Z,103.0,2005
Q2567246,Whole New Thing,2005 film directed by Amnon Buchbinder,2005-09-12T00:00:00Z,92.0,2005
Q2574139,Tickets,"2005 film by Abbas Kiarostami, Ken Loach, Ermanno Olmi",2005-01-01T00:00:00Z,115.0,2005
Q257450,The Mostly Unfabulous Social Life of Ethan Green,2005 film,2005-01-01T00:00:00Z,88.0,2005
Q2581919,Intermedio,2005 film by Andrew Lauer,2005-01-01T00:00:00Z,,2005
Q258805,Cake,2005 film directed by Nisha Ganatra,2005-01-01T00:00:00Z,90.0,2005
Q2593280,El perro,2004 film by Carlos Sorín,2005-08-04T00:00:00Z,97.0,2005
Q2599854,Toss-Up,2004 film by Uğur Yücel,2005-11-24T00:00:00Z,110.0,2005
Q25999771,Pellam Pichodu,2005 film by Jonnavithhula Ramalingeswara Rao,2005-10-14T00:00:00Z,,2005
Q26000030,Mahasadhvi Mallamma,2005 film by Renuka Sharma,2005-01-14T00:00:00Z,,2005
Q260648,Feast,2005 film by John Gulager,2005-01-01T00:00:00Z,95.0,2005
Q2608391,Fat Albert,2004 film by Joel Zwick,2005-06-09T00:00:00Z,93.0,2005
Q261044,American Pie Presents: Band Camp,2005 American sex comedy film,2005-01-01T00:00:00Z,87.0,2005
Q2612178,Masterclass,2005 film by Hans Teeuwen,2005-01-01T00:00:00Z,,2005
Q2614990,Two Drifters,2005 film directed by João Pedro Rodrigues,2005-01-01T00:00:00Z,101.0,2005
Q2618588,Heidi,2005 live-action film directed by Paul Marcus,2005-01-01T00:00:00Z,104.0,2005
Q2620593,Stoned,2005 film by Stephen Woolley,2005-01-01T00:00:00Z,102.0,2005
Q26226434,Ruins,2005 film by Janez Burger,2005-08-25T00:00:00Z,99.0,2005
Q2627652,Rize,2005 film by David LaChapelle,2005-10-20T00:00:00Z,86.0,2005
Q2627652,Rize,2005 film by David LaChapelle,2005-01-01T00:00:00Z,86.0,2005
Q2633011,Whisky,2004 film by Pablo Rebella and Pablo Stoll,2005-05-05T00:00:00Z,95.0,2005
Q2633011,Whisky,2004 film by Pablo Rebella and Pablo Stoll,2005-05-05T00:00:00Z,100.0,2005
Q2640291,Lunacy,2005 film by Jan Švankmajer,2005-01-01T00:00:00Z,118.0,2005
Q2647864,All Souls Day,2005 film directed by Jeremy Kasten,2005-01-01T00:00:00Z,86.0,2005
Q2656737,The Sun,2005 film directed by Alexander Sokurov,2005-02-17T00:00:00Z,110.0,2005
Q2656775,Kineta,2005 film by Yorgos Lanthimos,2005-01-01T00:00:00Z,95.0,2005
Q2657579,Devour,2005 film by David Winkler,2005-01-01T00:00:00Z,90.0,2005
Q2665188,The Italian,2005 film by Andrei Kravchuk,2005-09-22T00:00:00Z,99.0,2005
Q2665188,The Italian,2005 film by Andrei Kravchuk,2005-02-14T00:00:00Z,99.0,2005
Q2667715,Kinky Boots,2005 film by Julian Jarrold,2005-01-01T00:00:00Z,107.0,2005
Q2671985,Supercross,2005 film by Steve Boyum,2005-01-01T00:00:00Z,80.0,2005
Q2694367,Life!,2005 film by Willem van de Sande Bakhuyzen,2005-09-22T00:00:00Z,110.0,2005
Q270026,7 Seconds,2005 film by Simon Fellows,2005-09-12T00:00:00Z,96.0,2005
Q270026,7 Seconds,2005 film by Simon Fellows,2005-06-28T00:00:00Z,96.0,2005
Q270385,Pride & Prejudice,2005 film directed by Joe Wright,2005-11-23T00:00:00Z,127.0,2005
Q270385,Pride & Prejudice,2005 film directed by Joe Wright,2005-11-11T00:00:00Z,127.0,2005
Q270385,Pride & Prejudice,2005 film directed by Joe Wright,2005-10-20T00:00:00Z,127.0,2005
Q270385,Pride & Prejudice,2005 film directed by Joe Wright,2005-09-16T00:00:00Z,127.0,2005
Q270410,Saw II,2005 film by Darren Lynn Bousman,2005-10-28T00:00:00Z,93.0,2005
Q270410,Saw II,2005 film by Darren Lynn Bousman,2005-01-01T00:00:00Z,93.0,2005
Q2712826,Animal,2005 film directed by David J. Burke,2005-01-01T00:00:00Z,,2005
Q2713293,Brice de Nice,2005 film directed by James Huth,2005-01-01T00:00:00Z,98.0,2005
Q2720627,Sketches of Frank Gehry,2005 film by Sydney Pollack,2005-01-01T00:00:00Z,86.0,2005
Q2737320,Ghajini,2005 Tamil film directed by A. R. Murugadoss,2005-01-01T00:00:00Z,158.0,2005
Q2754817,The Great Yokai War,2005 film by Takashi Miike,2005-08-06T00:00:00Z,124.0,2005
Q2760961,Mon petit doigt m'a dit...,2005 film by Pascal Thomas,2005-01-01T00:00:00Z,105.0,2005
