constructorId,constructorRef,name,nationality,constructors_rownum
1,mclaren,McLaren,British,constructors_1
2,bmw_sauber,BMW Sauber,German,constructors_2
3,williams,Williams,British,constructors_3
4,renault,Renault,French,constructors_4
5,toro_rosso,Toro Rosso,Italian,constructors_5
6,ferrari,Ferrari,Italian,constructors_6
7,toyota,Toyota,Japanese,constructors_7
8,super_aguri,Super Aguri,Japanese,constructors_8
9,red_bull,Red Bull,Austrian,constructors_9
10,force_india,Force India,Indian,constructors_10
11,honda,Honda,Japanese,constructors_11
12,spyker,Spyker,Dutch,constructors_12
13,mf1,MF1,Russian,constructors_13
14,spyker_mf1,Spyker MF1,Dutch,constructors_14
15,sauber,Sauber,Swiss,constructors_15
16,bar,BAR,British,constructors_16
17,jordan,Jordan,Irish,constructors_17
18,minardi,Minardi,Italian,constructors_18
19,jaguar,Jaguar,British,constructors_19
20,prost,Prost,French,constructors_20
21,arrows,Arrows,British,constructors_21
22,benetton,Benetton,Italian,constructors_22
23,brawn,Brawn,British,constructors_23
24,stewart,Stewart,British,constructors_24
25,tyrrell,Tyrrell,British,constructors_25
26,lola,Lola,British,constructors_26
27,ligier,Ligier,French,constructors_27
28,forti,Forti,Italian,constructors_28
29,footwork,Footwork,British,constructors_29
30,pacific,Pacific,British,constructors_30
31,simtek,Simtek,British,constructors_31
32,team_lotus,Team Lotus,British,constructors_32
33,larrousse,Larrousse,French,constructors_33
34,brabham,Brabham,British,constructors_34
35,dallara,Dallara,Italian,constructors_35
36,fondmetal,Fondmetal,Italian,constructors_36
37,march,March,British,constructors_37
38,moda,Andrea Moda,Italian,constructors_38
39,ags,AGS,French,constructors_39
40,lambo,Lambo,Italian,constructors_40
41,leyton,Leyton House,British,constructors_41
42,coloni,Coloni,Italian,constructors_42
44,eurobrun,Euro Brun,Italian,constructors_43
45,osella,Osella,Italian,constructors_44
46,onyx,Onyx,British,constructors_45
47,life,Life,Italian,constructors_46
48,rial,Rial,German,constructors_47
49,zakspeed,Zakspeed,German,constructors_48
50,ram,RAM,British,constructors_49
51,alfa,Alfa Romeo,Swiss,constructors_50
52,spirit,Spirit,British,constructors_51
53,toleman,Toleman,British,constructors_52
54,ats,ATS,Italian,constructors_53
55,theodore,Theodore,Hong Kong,constructors_54
56,fittipaldi,Fittipaldi,Brazilian,constructors_55
57,ensign,Ensign,British,constructors_56
58,shadow,Shadow,British,constructors_57
59,wolf,Wolf,Canadian,constructors_58
60,merzario,Merzario,Italian,constructors_59
61,kauhsen,Kauhsen,German,constructors_60
62,rebaque,Rebaque,Mexican,constructors_61
63,surtees,Surtees,British,constructors_62
64,hesketh,Hesketh,British,constructors_63
65,martini,Martini,French,constructors_64
66,brm,BRM,British,constructors_65
67,penske,Penske,American,constructors_66
68,lec,LEC,British,constructors_67
69,mcguire,McGuire,Australian,constructors_68
70,boro,Boro,Dutch,constructors_69
71,apollon,Apollon,Swiss,constructors_70
72,kojima,Kojima,Japanese,constructors_71
73,parnelli,Parnelli,American,constructors_72
74,maki,Maki,Japanese,constructors_73
75,hill,Embassy Hill,British,constructors_74
76,lyncar,Lyncar,British,constructors_75
77,trojan,Trojan,British,constructors_76
78,amon,Amon,New Zealander,constructors_77
79,token,Token,British,constructors_78
80,iso_marlboro,Iso Marlboro,British,constructors_79
81,tecno,Tecno,Italian,constructors_80
82,matra,Matra,French,constructors_81
83,politoys,Politoys,British,constructors_82
84,connew,Connew,British,constructors_83
85,bellasi,Bellasi,Swiss,constructors_84
86,tomaso,De Tomaso,Italian,constructors_85
87,cooper,Cooper,British,constructors_86
88,eagle,Eagle,American,constructors_87
89,lds,LDS,South African,constructors_88
90,protos,Protos,British,constructors_89
91,shannon,Shannon,British,constructors_90
92,scirocco,Scirocco,British,constructors_91
93,re,RE,Rhodesian,constructors_92
94,brp,BRP,British,constructors_93
95,porsche,Porsche,German,constructors_94
96,derrington,Derrington,British,constructors_95
97,gilby,Gilby,British,constructors_96
98,stebro,Stebro,Canadian,constructors_97
99,emeryson,Emeryson,British,constructors_98
100,enb,ENB,Belgian,constructors_99
101,jbw,JBW,British,constructors_100
102,ferguson,Ferguson,British,constructors_101
103,mbm,MBM,Swiss,constructors_102
104,behra-porsche,Behra-Porsche,Italian,constructors_103
105,maserati,Maserati,Italian,constructors_104
106,scarab,Scarab,American,constructors_105
107,watson,Watson,American,constructors_106
108,epperly,Epperly,American,constructors_107
109,phillips,Phillips,American,constructors_108
110,lesovsky,Lesovsky,American,constructors_109
111,trevis,Trevis,American,constructors_110
112,meskowski,Meskowski,American,constructors_111
113,kurtis_kraft,Kurtis Kraft,American,constructors_112
114,kuzma,Kuzma,American,constructors_113
115,vhristensen,Christensen,American,constructors_114
116,ewing,Ewing,American,constructors_115
117,aston_martin,Aston Martin,British,constructors_116
118,vanwall,Vanwall,British,constructors_117
119,moore,Moore,American,constructors_118
120,dunn,Dunn,American,constructors_119
121,elder,Elder,American,constructors_120
122,sutton,Sutton,American,constructors_121
123,fry,Fry,British,constructors_122
124,tec-mec,Tec-Mec,Italian,constructors_123
125,connaught,Connaught,British,constructors_124
126,alta,Alta,British,constructors_125
127,osca,OSCA,Italian,constructors_126
128,gordini,Gordini,French,constructors_127
129,stevens,Stevens,American,constructors_128
130,bugatti,Bugatti,French,constructors_129
131,mercedes,Mercedes,German,constructors_130
132,lancia,Lancia,Italian,constructors_131
133,hwm,HWM,British,constructors_132
134,schroeder,Schroeder,American,constructors_133
135,pawl,Pawl,American,constructors_134
136,pankratz,Pankratz,American,constructors_135
137,arzani-volpini,Arzani-Volpini,Italian,constructors_136
138,nichels,Nichels,American,constructors_137
139,bromme,Bromme,American,constructors_138
140,klenk,Klenk,German,constructors_139
141,simca,Simca,French,constructors_140
142,turner,Turner,American,constructors_141
143,del_roy,Del Roy,American,constructors_142
144,veritas,Veritas,German,constructors_143
145,bmw,BMW,German,constructors_144
146,emw,EMW,East German,constructors_145
147,afm,AFM,German,constructors_146
148,frazer_nash,Frazer Nash,British,constructors_147
149,sherman,Sherman,American,constructors_148
150,deidt,Deidt,American,constructors_149
151,era,ERA,British,constructors_150
152,butterworth,Aston Butterworth,British,constructors_151
153,cisitalia,Cisitalia,Italian,constructors_152
154,lago,Talbot-Lago,French,constructors_153
155,hall,Hall,American,constructors_154
156,marchese,Marchese,American,constructors_155
157,langley,Langley,American,constructors_156
158,rae,Rae,American,constructors_157
159,olson,Olson,American,constructors_158
160,wetteroth,Wetteroth,American,constructors_159
161,adams,Adams,American,constructors_160
162,snowberger,Snowberger,American,constructors_161
163,milano,Milano,Italian,constructors_162
164,hrt,HRT,Spanish,constructors_163
167,cooper-maserati,Cooper-Maserati,British,constructors_164
166,virgin,Virgin,British,constructors_165
168,cooper-osca,Cooper-OSCA,British,constructors_166
169,cooper-borgward,Cooper-Borgward,British,constructors_167
170,cooper-climax,Cooper-Climax,British,constructors_168
171,cooper-castellotti,Cooper-Castellotti,British,constructors_169
172,lotus-climax,Lotus-Climax,British,constructors_170
173,lotus-maserati,Lotus-Maserati,British,constructors_171
174,de_tomaso-osca,De Tomaso-Osca,Italian,constructors_172
175,de_tomaso-alfa_romeo,De Tomaso-Alfa Romeo,Italian,constructors_173
176,lotus-brm,Lotus-BRM,British,constructors_174
177,lotus-borgward,Lotus-Borgward,British,constructors_175
178,cooper-alfa_romeo,Cooper-Alfa Romeo,British,constructors_176
179,de_tomaso-ferrari,De Tomaso-Ferrari,Italian,constructors_177
180,lotus-ford,Lotus-Ford,British,constructors_178
181,brabham-brm,Brabham-BRM,British,constructors_179
182,brabham-ford,Brabham-Ford,British,constructors_180
183,brabham-climax,Brabham-Climax,British,constructors_181
184,lds-climax,LDS-Climax,South African,constructors_182
185,lds-alfa_romeo,LDS-Alfa Romeo,South African,constructors_183
186,cooper-ford,Cooper-Ford,British,constructors_184
187,mclaren-ford,McLaren-Ford,British,constructors_185
188,mclaren-seren,McLaren-Serenissima,British,constructors_186
189,eagle-climax,Eagle-Climax,American,constructors_187
190,eagle-weslake,Eagle-Weslake,American,constructors_188
191,brabham-repco,Brabham-Repco,British,constructors_189
192,cooper-ferrari,Cooper-Ferrari,British,constructors_190
193,cooper-ats,Cooper-ATS,British,constructors_191
194,mclaren-brm,McLaren-BRM,British,constructors_192
195,cooper-brm,Cooper-BRM,British,constructors_193
196,matra-ford,Matra-Ford,French,constructors_194
197,brm-ford,BRM-Ford,British,constructors_195
198,mclaren-alfa_romeo,McLaren-Alfa Romeo,British,constructors_196
199,march-alfa_romeo,March-Alfa Romeo,British,constructors_197
200,march-ford,March-Ford,British,constructors_198
201,lotus-pw,Lotus-Pratt &amp; Whitney,British,constructors_199
202,shadow-ford,Shadow-Ford,British,constructors_200
203,shadow-matra,Shadow-Matra,British,constructors_201
204,brabham-alfa_romeo,Brabham-Alfa Romeo,British,constructors_202
205,lotus_racing,Lotus,Malaysian,constructors_203
206,marussia,Marussia,Russian,constructors_204
207,caterham,Caterham,Malaysian,constructors_205
208,lotus_f1,Lotus F1,British,constructors_206
209,manor,Manor Marussia,British,constructors_207
210,haas,Haas F1 Team,American,constructors_208
211,racing_point,Racing Point,British,constructors_209
213,alphatauri,AlphaTauri,Italian,constructors_210
214,alpine,Alpine F1 Team,French,constructors_211
