driverId,driverRef,code,forename,surname,dob,nationality,drivers_rownum
1,hamilton,HAM,Lewis,Hamilton,1985-01-07,British,drivers_1
2,heidfeld,HEI,Nick,Heidfeld,1977-05-10,German,drivers_2
3,rosberg,ROS,Nico,Rosberg,1985-06-27,German,drivers_3
4,alonso,ALO,Fernando,Alonso,1981-07-29,Spanish,drivers_4
5,kovalainen,KOV,Heikki,Kovalainen,1981-10-19,Finnish,drivers_5
6,nakajima,NAK,Kazuki,Nakajima,1985-01-11,Japanese,drivers_6
7,bourdais,BOU,Sébastien,Bourdais,1979-02-28,French,drivers_7
8,raikkonen,RAI,Kimi,Räikkönen,1979-10-17,Finnish,drivers_8
9,kubica,KUB,Robert,Kubica,1984-12-07,Polish,drivers_9
10,glock,GLO,Timo,Glock,1982-03-18,German,drivers_10
11,sato,SAT,Takuma,Sato,1977-01-28,Japanese,drivers_11
12,piquet_jr,PIQ,Nelson,Piquet Jr.,1985-07-25,Brazilian,drivers_12
13,massa,MAS,Felipe,Massa,1981-04-25,Brazilian,drivers_13
14,coulthard,COU,David,Coulthard,1971-03-27,British,drivers_14
15,trulli,TRU,Jarno,Trulli,1974-07-13,Italian,drivers_15
16,sutil,SUT,Adrian,Sutil,1983-01-11,German,drivers_16
17,webber,WEB,Mark,Webber,1976-08-27,Australian,drivers_17
18,button,BUT,Jenson,Button,1980-01-19,British,drivers_18
19,davidson,DAV,Anthony,Davidson,1979-04-18,British,drivers_19
20,vettel,VET,Sebastian,Vettel,1987-07-03,German,drivers_20
21,fisichella,FIS,Giancarlo,Fisichella,1973-01-14,Italian,drivers_21
22,barrichello,BAR,Rubens,Barrichello,1972-05-23,Brazilian,drivers_22
23,ralf_schumacher,SCH,Ralf,Schumacher,1975-06-30,German,drivers_23
24,liuzzi,LIU,Vitantonio,Liuzzi,1980-08-06,Italian,drivers_24
25,wurz,WUR,Alexander,Wurz,1974-02-15,Austrian,drivers_25
26,speed,SPE,Scott,Speed,1983-01-24,American,drivers_26
27,albers,ALB,Christijan,Albers,1979-04-16,Dutch,drivers_27
28,markus_winkelhock,WIN,Markus,Winkelhock,1980-06-13,German,drivers_28
29,yamamoto,YAM,Sakon,Yamamoto,1982-07-09,Japanese,drivers_29
30,michael_schumacher,MSC,Michael,Schumacher,1969-01-03,German,drivers_30
31,montoya,MON,Juan,Pablo Montoya,1975-09-20,Colombian,drivers_31
32,klien,KLI,Christian,Klien,1983-02-07,Austrian,drivers_32
33,monteiro,TMO,Tiago,Monteiro,1976-07-24,Portuguese,drivers_33
34,ide,IDE,Yuji,Ide,1975-01-21,Japanese,drivers_34
35,villeneuve,VIL,Jacques,Villeneuve,1971-04-09,Canadian,drivers_35
36,montagny,FMO,Franck,Montagny,1978-01-05,French,drivers_36
37,rosa,DLR,Pedro,de la Rosa,1971-02-24,Spanish,drivers_37
38,doornbos,DOO,Robert,Doornbos,1981-09-23,Dutch,drivers_38
39,karthikeyan,KAR,Narain,Karthikeyan,1977-01-14,Indian,drivers_39
40,friesacher,FRI,Patrick,Friesacher,1980-09-26,Austrian,drivers_40
41,zonta,ZON,Ricardo,Zonta,1976-03-23,Brazilian,drivers_41
42,pizzonia,PIZ,Antônio,Pizzonia,1980-09-11,Brazilian,drivers_42
43,matta,\N,Cristiano,da Matta,1973-09-19,Brazilian,drivers_43
44,panis,\N,Olivier,Panis,1966-09-02,French,drivers_44
45,pantano,\N,Giorgio,Pantano,1979-02-04,Italian,drivers_45
46,bruni,\N,Gianmaria,Bruni,1981-05-30,Italian,drivers_46
47,baumgartner,\N,Zsolt,Baumgartner,1981-01-01,Hungarian,drivers_47
48,gene,\N,Marc,Gené,1974-03-29,Spanish,drivers_48
49,frentzen,\N,Heinz-Harald,Frentzen,1967-05-18,German,drivers_49
50,verstappen,\N,Jos,Verstappen,1972-03-04,Dutch,drivers_50
51,wilson,\N,Justin,Wilson,1978-07-31,British,drivers_51
52,firman,\N,Ralph,Firman,1975-05-20,Irish,drivers_52
53,kiesa,\N,Nicolas,Kiesa,1978-03-03,Danish,drivers_53
54,burti,\N,Luciano,Burti,1975-03-05,Brazilian,drivers_54
55,alesi,\N,Jean,Alesi,1964-06-11,French,drivers_55
56,irvine,\N,Eddie,Irvine,1965-11-10,British,drivers_56
57,hakkinen,\N,Mika,Häkkinen,1968-09-28,Finnish,drivers_57
58,marques,\N,Tarso,Marques,1976-01-19,Brazilian,drivers_58
59,bernoldi,\N,Enrique,Bernoldi,1978-10-19,Brazilian,drivers_59
60,mazzacane,\N,Gastón,Mazzacane,1975-05-08,Argentine,drivers_60
61,enge,\N,Tomáš,Enge,1976-09-11,Czech,drivers_61
62,yoong,\N,Alex,Yoong,1976-07-20,Malaysian,drivers_62
63,salo,\N,Mika,Salo,1966-11-30,Finnish,drivers_63
64,diniz,\N,Pedro,Diniz,1970-05-22,Brazilian,drivers_64
65,herbert,\N,Johnny,Herbert,1964-06-25,British,drivers_65
66,mcnish,\N,Allan,McNish,1969-12-29,British,drivers_66
67,buemi,BUE,Sébastien,Buemi,1988-10-31,Swiss,drivers_67
68,takagi,\N,Toranosuke,Takagi,1974-02-12,Japanese,drivers_68
69,badoer,BAD,Luca,Badoer,1971-01-25,Italian,drivers_69
70,zanardi,\N,Alessandro,Zanardi,1966-10-23,Italian,drivers_70
71,damon_hill,\N,Damon,Hill,1960-09-17,British,drivers_71
72,sarrazin,\N,Stéphane,Sarrazin,1975-11-02,French,drivers_72
73,rosset,\N,Ricardo,Rosset,1968-07-27,Brazilian,drivers_73
74,tuero,\N,Esteban,Tuero,1978-04-22,Argentine,drivers_74
75,nakano,\N,Shinji,Nakano,1971-04-01,Japanese,drivers_75
76,magnussen,MAG,Jan,Magnussen,1973-07-04,Danish,drivers_76
77,berger,\N,Gerhard,Berger,1959-08-27,Austrian,drivers_77
78,larini,\N,Nicola,Larini,1964-03-19,Italian,drivers_78
79,katayama,\N,Ukyo,Katayama,1963-05-29,Japanese,drivers_79
80,sospiri,\N,Vincenzo,Sospiri,1966-10-07,Italian,drivers_80
81,morbidelli,\N,Gianni,Morbidelli,1968-01-13,Italian,drivers_81
82,fontana,\N,Norberto,Fontana,1975-01-20,Argentine,drivers_82
83,lamy,\N,Pedro,Lamy,1972-03-20,Portuguese,drivers_83
84,brundle,\N,Martin,Brundle,1959-06-01,British,drivers_84
85,montermini,\N,Andrea,Montermini,1964-05-30,Italian,drivers_85
86,lavaggi,\N,Giovanni,Lavaggi,1958-02-18,Italian,drivers_86
87,blundell,\N,Mark,Blundell,1966-04-08,British,drivers_87
88,suzuki,\N,Aguri,Suzuki,1960-09-08,Japanese,drivers_88
89,inoue,\N,Taki,Inoue,1963-09-05,Japanese,drivers_89
90,moreno,\N,Roberto,Moreno,1959-02-11,Brazilian,drivers_90
91,wendlinger,\N,Karl,Wendlinger,1968-12-20,Austrian,drivers_91
92,gachot,\N,Bertrand,Gachot,1962-12-23,Belgian,drivers_92
93,schiattarella,\N,Domenico,Schiattarella,1967-11-17,Italian,drivers_93
94,martini,\N,Pierluigi,Martini,1961-04-23,Italian,drivers_94
95,mansell,\N,Nigel,Mansell,1953-08-08,British,drivers_95
96,boullion,\N,Jean-Christophe,Boullion,1969-12-27,French,drivers_96
97,papis,\N,Massimiliano,Papis,1969-10-03,Italian,drivers_97
98,deletraz,\N,Jean-Denis,Délétraz,1963-10-01,Swiss,drivers_98
99,tarquini,\N,Gabriele,Tarquini,1962-03-02,Italian,drivers_99
100,comas,\N,Érik,Comas,1963-09-28,French,drivers_100
101,brabham,\N,David,Brabham,1965-09-05,Australian,drivers_101
102,senna,\N,Ayrton,Senna,1960-03-21,Brazilian,drivers_102
103,bernard,\N,Éric,Bernard,1964-08-24,French,drivers_103
104,fittipaldi,\N,Christian,Fittipaldi,1971-01-18,Brazilian,drivers_104
105,alboreto,\N,Michele,Alboreto,1956-12-23,Italian,drivers_105
106,beretta,\N,Olivier,Beretta,1969-11-23,Monegasque,drivers_106
107,ratzenberger,\N,Roland,Ratzenberger,1960-07-04,Austrian,drivers_107
108,belmondo,\N,Paul,Belmondo,1963-04-23,French,drivers_108
109,lehto,\N,Jyrki,Järvilehto,1966-01-31,Finnish,drivers_109
110,cesaris,\N,Andrea,de Cesaris,1959-05-31,Italian,drivers_110
111,gounon,\N,Jean-Marc,Gounon,1963-01-01,French,drivers_111
112,alliot,\N,Philippe,Alliot,1954-07-27,French,drivers_112
113,adams,\N,Philippe,Adams,1969-11-19,Belgian,drivers_113
114,dalmas,\N,Yannick,Dalmas,1961-07-28,French,drivers_114
115,noda,\N,Hideki,Noda,1969-03-07,Japanese,drivers_115
116,lagorce,\N,Franck,Lagorce,1968-09-01,French,drivers_116
117,prost,\N,Alain,Prost,1955-02-24,French,drivers_117
118,warwick,\N,Derek,Warwick,1954-08-27,British,drivers_118
119,patrese,\N,Riccardo,Patrese,1954-04-17,Italian,drivers_119
120,barbazza,\N,Fabrizio,Barbazza,1963-04-02,Italian,drivers_120
121,andretti,\N,Michael,Andretti,1962-10-05,American,drivers_121
122,capelli,\N,Ivan,Capelli,1963-05-24,Italian,drivers_122
123,boutsen,\N,Thierry,Boutsen,1957-07-13,Belgian,drivers_123
124,apicella,\N,Marco,Apicella,1965-10-07,Italian,drivers_124
125,naspetti,\N,Emanuele,Naspetti,1968-02-24,Italian,drivers_125
126,toshio_suzuki,\N,Toshio,Suzuki,1955-03-10,Japanese,drivers_126
127,gugelmin,\N,Maurício,Gugelmin,1963-04-20,Brazilian,drivers_127
128,poele,\N,Eric,van de Poele,1961-09-30,Belgian,drivers_128
129,grouillard,\N,Olivier,Grouillard,1958-09-02,French,drivers_129
130,chiesa,\N,Andrea,Chiesa,1964-05-06,Swiss,drivers_130
131,modena,\N,Stefano,Modena,1963-05-12,Italian,drivers_131
132,amati,\N,Giovanna,Amati,1959-07-20,Italian,drivers_132
133,caffi,\N,Alex,Caffi,1964-03-18,Italian,drivers_133
134,bertaggia,\N,Enrico,Bertaggia,1964-09-19,Italian,drivers_134
135,mccarthy,\N,Perry,McCarthy,1961-03-03,British,drivers_135
136,lammers,\N,Jan,Lammers,1956-06-02,Dutch,drivers_136
137,piquet,\N,Nelson,Piquet,1952-08-17,Brazilian,drivers_137
138,satoru_nakajima,\N,Satoru,Nakajima,1953-02-23,Japanese,drivers_138
139,pirro,\N,Emanuele,Pirro,1962-01-12,Italian,drivers_139
140,johansson,\N,Stefan,Johansson,1956-09-08,Swedish,drivers_140
141,bailey,\N,Julian,Bailey,1961-10-09,British,drivers_141
142,chaves,\N,Pedro,Chaves,1965-02-27,Portuguese,drivers_142
143,bartels,\N,Michael,Bartels,1968-03-08,German,drivers_143
144,hattori,\N,Naoki,Hattori,1966-06-13,Japanese,drivers_144
145,nannini,\N,Alessandro,Nannini,1959-07-07,Italian,drivers_145
146,schneider,\N,Bernd,Schneider,1964-07-20,German,drivers_146
147,barilla,\N,Paolo,Barilla,1961-04-20,Italian,drivers_147
148,foitek,\N,Gregor,Foitek,1965-03-27,Swiss,drivers_148
149,langes,\N,Claudio,Langes,1960-07-20,Italian,drivers_149
150,gary_brabham,\N,Gary,Brabham,1961-03-29,Australian,drivers_150
151,donnelly,\N,Martin,Donnelly,1964-03-26,British,drivers_151
152,giacomelli,\N,Bruno,Giacomelli,1952-09-10,Italian,drivers_152
153,alguersuari,ALG,Jaime,Alguersuari,1990-03-23,Spanish,drivers_153
154,grosjean,GRO,Romain,Grosjean,1986-04-17,French,drivers_154
155,kobayashi,KOB,Kamui,Kobayashi,1986-09-13,Japanese,drivers_155
156,palmer,\N,Jonathan,Palmer,1956-11-07,British,drivers_156
157,danner,\N,Christian,Danner,1958-04-04,German,drivers_157
158,cheever,\N,Eddie,Cheever,1958-01-10,American,drivers_158
159,sala,\N,Luis,Pérez-Sala,1959-05-15,Spanish,drivers_159
160,ghinzani,\N,Piercarlo,Ghinzani,1952-01-16,Italian,drivers_160
161,weidler,\N,Volker,Weidler,1962-03-18,German,drivers_161
162,raphanel,\N,Pierre-Henri,Raphanel,1961-05-27,French,drivers_162
163,arnoux,\N,René,Arnoux,1948-07-04,French,drivers_163
164,joachim_winkelhock,\N,Joachim,Winkelhock,1960-10-24,German,drivers_164
165,larrauri,\N,Oscar,Larrauri,1954-08-19,Argentine,drivers_165
166,streiff,\N,Philippe,Streiff,1955-06-26,French,drivers_166
167,campos,\N,Adrián,Campos,1960-06-17,Spanish,drivers_167
168,schlesser,\N,Jean-Louis,Schlesser,1948-09-12,French,drivers_168
169,fabre,\N,Pascal,Fabre,1960-01-09,French,drivers_169
170,fabi,\N,Teo,Fabi,1955-03-09,Italian,drivers_170
171,forini,\N,Franco,Forini,1958-09-22,Swiss,drivers_171
172,laffite,\N,Jacques,Laffite,1943-11-21,French,drivers_172
173,angelis,\N,Elio,de Angelis,1958-03-26,Italian,drivers_173
174,dumfries,\N,Johnny,Dumfries,1958-04-26,British,drivers_174
175,tambay,\N,Patrick,Tambay,1949-06-25,French,drivers_175
176,surer,\N,Marc,Surer,1951-09-18,Swiss,drivers_176
177,keke_rosberg,\N,Keke,Rosberg,1948-12-06,Finnish,drivers_177
178,jones,\N,Alan,Jones,1946-11-02,Australian,drivers_178
179,rothengatter,\N,Huub,Rothengatter,1954-10-08,Dutch,drivers_179
180,berg,\N,Allen,Berg,1961-08-01,Canadian,drivers_180
181,manfred_winkelhock,\N,Manfred,Winkelhock,1951-10-06,German,drivers_181
182,lauda,\N,Niki,Lauda,1949-02-22,Austrian,drivers_182
183,hesnault,\N,François,Hesnault,1956-12-30,French,drivers_183
184,baldi,\N,Mauro,Baldi,1954-01-31,Italian,drivers_184
185,bellof,\N,Stefan,Bellof,1957-11-20,German,drivers_185
186,acheson,\N,Kenny,Acheson,1957-11-27,British,drivers_186
187,watson,\N,John,Watson,1946-05-04,British,drivers_187
188,cecotto,\N,Johnny,Cecotto,1956-01-25,Venezuelan,drivers_188
189,gartner,\N,Jo,Gartner,1954-01-24,Austrian,drivers_189
190,corrado_fabi,\N,Corrado,Fabi,1961-04-12,Italian,drivers_190
191,thackwell,\N,Mike,Thackwell,1961-03-30,New Zealander,drivers_191
192,serra,\N,Chico,Serra,1957-02-03,Brazilian,drivers_192
193,sullivan,\N,Danny,Sullivan,1950-03-09,American,drivers_193
194,salazar,\N,Eliseo,Salazar,1954-11-14,Chilean,drivers_194
195,guerrero,\N,Roberto,Guerrero,1958-11-16,Colombian,drivers_195
196,boesel,\N,Raul,Boesel,1957-12-04,Brazilian,drivers_196
197,jarier,\N,Jean-Pierre,Jarier,1946-07-10,French,drivers_197
198,villeneuve_sr,\N,Jacques,Villeneuve Sr.,1953-11-04,Canadian,drivers_198
199,reutemann,\N,Carlos,Reutemann,1942-04-12,Argentine,drivers_199
200,mass,\N,Jochen,Mass,1946-09-30,German,drivers_200
201,borgudd,\N,Slim,Borgudd,1946-11-25,Swedish,drivers_201
202,pironi,\N,Didier,Pironi,1952-03-26,French,drivers_202
203,gilles_villeneuve,\N,Gilles,Villeneuve,1950-01-18,Canadian,drivers_203
204,paletti,\N,Riccardo,Paletti,1958-06-15,Italian,drivers_204
205,henton,\N,Brian,Henton,1946-09-19,British,drivers_205
206,daly,\N,Derek,Daly,1953-03-11,Irish,drivers_206
207,mario_andretti,\N,Mario,Andretti,1940-02-28,American,drivers_207
208,villota,\N,Emilio,de Villota,1946-07-26,Spanish,drivers_208
209,lees,\N,Geoff,Lees,1951-05-01,British,drivers_209
210,byrne,\N,Tommy,Byrne,1958-05-06,Irish,drivers_210
211,keegan,\N,Rupert,Keegan,1955-02-26,British,drivers_211
212,rebaque,\N,Hector,Rebaque,1956-02-05,Mexican,drivers_212
213,gabbiani,\N,Beppe,Gabbiani,1957-01-02,Italian,drivers_213
214,cogan,\N,Kevin,Cogan,1956-03-31,American,drivers_214
215,guerra,\N,Miguel Ángel,Guerra,1953-08-31,Argentine,drivers_215
216,stohr,\N,Siegfried,Stohr,1952-10-10,Italian,drivers_216
217,zunino,\N,Ricardo,Zunino,1949-04-13,Argentine,drivers_217
218,londono,\N,Ricardo,Londoño,1949-08-08,Colombian,drivers_218
219,jabouille,\N,Jean-Pierre,Jabouille,1942-10-01,French,drivers_219
220,francia,\N,Giorgio,Francia,1947-11-08,Italian,drivers_220
221,depailler,\N,Patrick,Depailler,1944-08-09,French,drivers_221
222,scheckter,\N,Jody,Scheckter,1950-01-29,South African,drivers_222
223,regazzoni,\N,Clay,Regazzoni,1939-09-05,Swiss,drivers_223
224,emerson_fittipaldi,\N,Emerson,Fittipaldi,1946-12-12,Brazilian,drivers_224
225,kennedy,\N,Dave,Kennedy,1953-01-15,Irish,drivers_225
226,south,\N,Stephen,South,1952-02-19,British,drivers_226
227,needell,\N,Tiff,Needell,1951-10-29,British,drivers_227
228,desire_wilson,\N,Desiré,Wilson,1953-11-26,South African,drivers_228
229,ertl,\N,Harald,Ertl,1948-08-31,Austrian,drivers_229
230,brambilla,\N,Vittorio,Brambilla,1937-11-11,Italian,drivers_230
231,hunt,\N,James,Hunt,1947-08-29,British,drivers_231
232,merzario,\N,Arturo,Merzario,1943-03-11,Italian,drivers_232
233,stuck,\N,Hans-Joachim,Stuck,1951-01-01,German,drivers_233
234,brancatelli,\N,Gianfranco,Brancatelli,1950-01-18,Italian,drivers_234
235,ickx,\N,Jacky,Ickx,1945-01-01,Belgian,drivers_235
236,gaillard,\N,Patrick,Gaillard,1952-02-12,French,drivers_236
237,ribeiro,\N,Alex,Ribeiro,1948-11-07,Brazilian,drivers_237
238,peterson,\N,Ronnie,Peterson,1944-02-14,Swedish,drivers_238
239,lunger,\N,Brett,Lunger,1945-11-14,American,drivers_239
240,ongais,\N,Danny,Ongais,1942-05-21,American,drivers_240
241,leoni,\N,Lamberto,Leoni,1953-05-24,Italian,drivers_241
242,galica,\N,Divina,Galica,1944-08-13,British,drivers_242
243,stommelen,\N,Rolf,Stommelen,1943-07-11,German,drivers_243
244,colombo,\N,Alberto,Colombo,1946-02-23,Italian,drivers_244
245,trimmer,\N,Tony,Trimmer,1943-01-24,British,drivers_245
246,binder,\N,Hans,Binder,1948-06-12,Austrian,drivers_246
247,bleekemolen,\N,Michael,Bleekemolen,1949-10-02,Dutch,drivers_247
248,gimax,\N,Carlo,Franchi,1938-01-01,Italian,drivers_248
249,rahal,\N,Bobby,Rahal,1953-01-10,American,drivers_249
250,pace,\N,Carlos,Pace,1944-10-06,Brazilian,drivers_250
251,ian_scheckter,\N,Ian,Scheckter,1947-08-22,South African,drivers_251
252,pryce,\N,Tom,Pryce,1949-06-11,British,drivers_252
253,hoffmann,\N,Ingo,Hoffmann,1953-02-28,Brazilian,drivers_253
254,zorzi,\N,Renzo,Zorzi,1946-12-12,Italian,drivers_254
255,nilsson,\N,Gunnar,Nilsson,1948-11-20,Swedish,drivers_255
256,perkins,\N,Larry,Perkins,1950-03-18,Australian,drivers_256
257,hayje,\N,Boy,Lunger,1949-05-03,Dutch,drivers_257
258,neve,\N,Patrick,Nève,1949-10-13,Belgian,drivers_258
259,purley,\N,David,Purley,1945-01-26,British,drivers_259
260,andersson,\N,Conny,Andersson,1939-12-28,Swedish,drivers_260
261,dryver,\N,Bernard,de Dryver,1952-09-19,Belgian,drivers_261
262,oliver,\N,Jackie,Oliver,1942-08-14,British,drivers_262
263,kozarowitzky,\N,Mikko,Kozarowitzky,1948-05-17,Finnish,drivers_263
264,sutcliffe,\N,Andy,Sutcliffe,1947-05-09,British,drivers_264
265,edwards,\N,Guy,Edwards,1942-12-30,British,drivers_265
266,mcguire,\N,Brian,McGuire,1945-12-13,Australian,drivers_266
267,schuppan,\N,Vern,Schuppan,1943-03-19,Australian,drivers_267
268,heyer,\N,Hans,Heyer,1943-03-16,German,drivers_268
269,pilette,\N,Teddy,Pilette,1942-07-26,Belgian,drivers_269
270,ashley,\N,Ian,Ashley,1947-10-26,British,drivers_270
271,kessel,\N,Loris,Kessel,1950-04-01,Swiss,drivers_271
272,takahashi,\N,Kunimitsu,Takahashi,1940-01-29,Japanese,drivers_272
273,hoshino,\N,Kazuyoshi,Hoshino,1947-07-01,Japanese,drivers_273
274,takahara,\N,Noritake,Takahara,1951-06-06,Japanese,drivers_274
275,lombardi,\N,Lella,Lombardi,1941-03-26,Italian,drivers_275
276,evans,\N,Bob,Evans,1947-06-11,British,drivers_276
277,leclere,\N,Michel,Leclère,1946-03-18,French,drivers_277
278,amon,\N,Chris,Amon,1943-07-20,New Zealander,drivers_278
279,zapico,\N,Emilio,Zapico,1944-05-27,Spanish,drivers_279
280,pescarolo,\N,Henri,Pescarolo,1942-09-25,French,drivers_280
281,nelleman,\N,Jac,Nelleman,1944-04-19,Danish,drivers_281
282,magee,\N,Damien,Magee,1945-11-17,British,drivers_282
283,wilds,\N,Mike,Wilds,1946-01-07,British,drivers_283
284,pesenti_rossi,\N,Alessandro,Pesenti-Rossi,1942-08-31,Italian,drivers_284
285,stuppacher,\N,Otto,Stuppacher,1947-03-03,Austrian,drivers_285
286,brown,\N,Warwick,Brown,1949-12-24,Australian,drivers_286
287,hasemi,\N,Masahiro,Hasemi,1945-11-13,Japanese,drivers_287
288,donohue,\N,Mark,Donohue,1937-03-18,American,drivers_288
289,hill,\N,Graham,Hill,1929-02-15,British,drivers_289
290,wilson_fittipaldi,\N,Wilson,Fittipaldi,1943-12-25,Brazilian,drivers_290
291,tunmer,\N,Guy,Tunmer,1948-12-01,South African,drivers_291
292,keizan,\N,Eddie,Keizan,1944-09-12,South African,drivers_292
293,charlton,\N,Dave,Charlton,1936-10-27,South African,drivers_293
294,brise,\N,Tony,Brise,1952-03-28,British,drivers_294
295,wunderink,\N,Roelof,Wunderink,1948-12-12,Dutch,drivers_295
296,migault,\N,François,Migault,1944-12-04,French,drivers_296
297,palm,\N,Torsten,Palm,1947-07-23,Swedish,drivers_297
298,lennep,\N,Gijs,van Lennep,1942-03-16,Dutch,drivers_298
299,fushida,\N,Hiroshi,Fushida,1946-03-10,Japanese,drivers_299
300,nicholson,\N,John,Nicholson,1941-10-06,New Zealander,drivers_300
301,morgan,\N,Dave,Morgan,1944-08-07,British,drivers_301
302,crawford,\N,Jim,Crawford,1948-02-13,British,drivers_302
303,vonlanthen,\N,Jo,Vonlanthen,1942-05-31,Swiss,drivers_303
304,hulme,\N,Denny,Hulme,1936-06-18,New Zealander,drivers_304
305,hailwood,\N,Mike,Hailwood,1940-04-02,British,drivers_305
306,beltoise,\N,Jean-Pierre,Beltoise,1937-04-26,French,drivers_306
307,ganley,\N,Howden,Ganley,1941-12-24,New Zealander,drivers_307
308,robarts,\N,Richard,Robarts,1944-09-22,British,drivers_308
309,revson,\N,Peter,Revson,1939-02-27,American,drivers_309
310,driver,\N,Paddy,Driver,1934-05-13,South African,drivers_310
311,belso,\N,Tom,Belsø,1942-08-27,Danish,drivers_311
312,redman,\N,Brian,Redman,1937-03-09,British,drivers_312
313,opel,\N,Rikky,von Opel,1947-10-14,Liechtensteiner,drivers_313
314,schenken,\N,Tim,Schenken,1943-09-26,Australian,drivers_314
315,larrousse,\N,Gérard,Larrousse,1940-05-23,French,drivers_315
316,kinnunen,\N,Leo,Kinnunen,1943-08-05,Finnish,drivers_316
317,wisell,\N,Reine,Wisell,1941-09-30,Swedish,drivers_317
318,roos,\N,Bertil,Roos,1943-10-12,Swedish,drivers_318
319,dolhem,\N,José,Dolhem,1944-04-26,French,drivers_319
320,gethin,\N,Peter,Gethin,1940-02-21,British,drivers_320
321,bell,\N,Derek,Bell,1941-10-31,British,drivers_321
322,hobbs,\N,David,Hobbs,1939-06-09,British,drivers_322
323,quester,\N,Dieter,Quester,1939-05-30,Austrian,drivers_323
324,koinigg,\N,Helmuth,Koinigg,1948-11-03,Austrian,drivers_324
325,facetti,\N,Carlo,Facetti,1935-06-26,Italian,drivers_325
326,wietzes,\N,Eppie,Wietzes,1938-05-28,Canadian,drivers_326
327,cevert,\N,François,Cevert,1944-02-25,French,drivers_327
328,stewart,\N,Jackie,Stewart,1939-06-11,British,drivers_328
329,beuttler,\N,Mike,Beuttler,1940-04-13,British,drivers_329
330,galli,\N,Nanni,Galli,1940-10-02,Italian,drivers_330
331,bueno,\N,Luiz,Bueno,1937-01-16,Brazilian,drivers_331
332,follmer,\N,George,Follmer,1934-01-27,American,drivers_332
333,adamich,\N,Andrea,de Adamich,1941-10-03,Italian,drivers_333
334,pretorius,\N,Jackie,Pretorius,1934-11-22,South African,drivers_334
335,williamson,\N,Roger,Williamson,1948-02-02,British,drivers_335
336,mcrae,\N,Graham,McRae,1940-03-05,New Zealander,drivers_336
337,marko,\N,Helmut,Marko,1943-04-27,Austrian,drivers_337
338,walker,\N,David,Walker,1941-06-10,Australian,drivers_338
339,roig,\N,Alex,Soler-Roig,1932-10-29,Spanish,drivers_339
340,love,\N,John,Love,1924-12-07,Rhodesian,drivers_340
341,surtees,\N,John,Surtees,1934-02-11,British,drivers_341
342,barber,\N,Skip,Barber,1936-11-16,American,drivers_342
343,brack,\N,Bill,Brack,1935-12-26,Canadian,drivers_343
344,posey,\N,Sam,Posey,1944-05-26,American,drivers_344
345,rodriguez,\N,Pedro,Rodríguez,1940-01-18,Mexican,drivers_345
346,siffert,\N,Jo,Siffert,1936-07-07,Swiss,drivers_346
347,bonnier,\N,Jo,Bonnier,1930-01-31,Swedish,drivers_347
348,mazet,\N,François,Mazet,1943-02-24,French,drivers_348
349,jean,\N,Max,Jean,1943-07-27,French,drivers_349
350,elford,\N,Vic,Elford,1935-06-10,British,drivers_350
351,moser,\N,Silvio,Moser,1941-04-24,Swiss,drivers_351
352,eaton,\N,George,Eaton,1945-11-12,Canadian,drivers_352
353,lovely,\N,Pete,Lovely,1926-04-11,American,drivers_353
354,craft,\N,Chris,Craft,1939-11-17,British,drivers_354
355,Cannoc,\N,John,Cannon,1933-06-21,Canadian,drivers_355
356,jack_brabham,\N,Jack,Brabham,1926-04-02,Australian,drivers_356
357,miles,\N,John,Miles,1943-06-14,British,drivers_357
358,rindt,\N,Jochen,Rindt,1942-04-18,Austrian,drivers_358
359,gavin,\N,Johnny,Servoz-Gavin,1942-01-18,French,drivers_359
360,mclaren,\N,Bruce,McLaren,1937-08-30,New Zealander,drivers_360
361,courage,\N,Piers,Courage,1942-05-27,British,drivers_361
362,klerk,\N,Peter,de Klerk,1935-03-16,South African,drivers_362
363,giunti,\N,Ignazio,Giunti,1941-08-30,Italian,drivers_363
364,gurney,\N,Dan,Gurney,1931-04-13,American,drivers_364
365,hahne,\N,Hubert,Hahne,1935-03-28,German,drivers_365
366,hutchison,\N,Gus,Hutchison,1937-04-26,American,drivers_366
367,westbury,\N,Peter,Westbury,1938-05-26,British,drivers_367
368,tingle,\N,Sam,Tingle,1921-08-24,Rhodesian,drivers_368
369,rooyen,\N,Basil,van Rooyen,1939-04-19,South African,drivers_369
370,attwood,\N,Richard,Attwood,1940-04-04,British,drivers_370
371,pease,\N,Al,Pease,1921-10-15,Canadian,drivers_371
372,cordts,\N,John,Cordts,1935-07-23,Canadian,drivers_372
373,clark,\N,Jim,Clark,1936-03-04,British,drivers_373
374,spence,\N,Mike,Spence,1936-12-30,British,drivers_374
375,scarfiotti,\N,Ludovico,Scarfiotti,1933-10-18,Italian,drivers_375
376,bianchi,BIA,Lucien,Bianchi,1934-11-10,Belgian,drivers_376
377,jo_schlesser,\N,Jo,Schlesser,1928-05-18,French,drivers_377
378,widdows,\N,Robin,Widdows,1942-05-27,British,drivers_378
379,ahrens,\N,Kurt,Ahrens,1940-04-19,German,drivers_379
380,gardner,\N,Frank,Gardner,1930-10-01,Australian,drivers_380
381,unser,\N,Bobby,Unser,1934-02-20,American,drivers_381
382,solana,\N,Moisés,Solana,1935-12-26,Mexican,drivers_382
383,anderson,\N,Bob,Anderson,1931-05-19,British,drivers_383
384,botha,\N,Luki,Botha,1930-01-16,South African,drivers_384
385,bandini,\N,Lorenzo,Bandini,1935-12-21,Italian,drivers_385
386,ginther,\N,Richie,Ginther,1930-08-05,American,drivers_386
387,parkes,\N,Mike,Parkes,1931-09-24,British,drivers_387
388,irwin,\N,Chris,Irwin,1942-06-27,British,drivers_388
389,ligier,\N,Guy,Ligier,1930-07-12,French,drivers_389
390,rees,\N,Alan,Rees,1938-01-12,British,drivers_390
391,hart,\N,Brian,Hart,1936-09-07,British,drivers_391
392,fisher,\N,Mike,Fisher,1943-03-13,American,drivers_392
393,tom_jones,\N,Tom,Jones,1943-04-26,American,drivers_393
394,baghetti,\N,Giancarlo,Baghetti,1934-12-25,Italian,drivers_394
395,williams,\N,Jonathan,Williams,1942-10-26,British,drivers_395
396,bondurant,\N,Bob,Bondurant,1933-04-27,American,drivers_396
397,arundell,\N,Peter,Arundell,1933-11-08,British,drivers_397
398,vic_wilson,\N,Vic,Wilson,1931-04-14,British,drivers_398
399,taylor,\N,John,Taylor,1933-03-23,British,drivers_399
400,lawrence,\N,Chris,Lawrence,1933-07-27,British,drivers_400
401,trevor_taylor,\N,Trevor,Taylor,1936-12-26,British,drivers_401
402,geki,\N,Giacomo,Russo,1937-10-23,Italian,drivers_402
403,phil_hill,\N,Phil,Hill,1927-04-20,American,drivers_403
404,ireland,\N,Innes,Ireland,1930-06-12,British,drivers_404
405,bucknum,\N,Ronnie,Bucknum,1936-04-05,American,drivers_405
406,hawkins,\N,Paul,Hawkins,1937-10-12,Australian,drivers_406
407,prophet,\N,David,Prophet,1937-10-09,British,drivers_407
408,maggs,\N,Tony,Maggs,1937-02-09,South African,drivers_408
409,blokdyk,\N,Trevor,Blokdyk,1935-11-30,South African,drivers_409
410,lederle,\N,Neville,Lederle,1938-09-25,South African,drivers_410
411,serrurier,\N,Doug,Serrurier,1920-12-09,South African,drivers_411
412,niemann,\N,Brausch,Niemann,1939-01-07,South African,drivers_412
413,pieterse,\N,Ernie,Pieterse,1938-07-04,South African,drivers_413
414,puzey,\N,Clive,Puzey,1941-07-11,Rhodesian,drivers_414
415,reed,\N,Ray,Reed,1932-04-30,South African,drivers_415
416,clapham,\N,David,Clapham,1931-05-18,South African,drivers_416
417,blignaut,\N,Alex,Blignaut,1932-11-30,South African,drivers_417
418,gregory,\N,Masten,Gregory,1932-02-29,American,drivers_418
419,rhodes,\N,John,Rhodes,1927-08-18,British,drivers_419
420,raby,\N,Ian,Raby,1921-09-22,British,drivers_420
421,rollinson,\N,Alan,Rollinson,1943-05-15,British,drivers_421
422,gubby,\N,Brian,Gubby,1934-04-17,British,drivers_422
423,mitter,\N,Gerhard,Mitter,1935-08-30,German,drivers_423
424,bussinello,\N,Roberto,Bussinello,1927-10-04,Italian,drivers_424
425,vaccarella,\N,Nino,Vaccarella,1933-03-04,Italian,drivers_425
426,bassi,\N,Giorgio,Bassi,1934-01-20,Italian,drivers_426
427,trintignant,\N,Maurice,Trintignant,1917-10-30,French,drivers_427
428,collomb,\N,Bernard,Collomb,1930-10-07,French,drivers_428
429,andre_pilette,\N,André,Pilette,1918-10-06,Belgian,drivers_429
430,beaufort,\N,Carel Godin,de Beaufort,1934-04-10,Dutch,drivers_430
431,barth,\N,Edgar,Barth,1917-01-26,German,drivers_431
432,cabral,\N,Mário de Araújo,Cabral,1934-01-15,Portuguese,drivers_432
433,hansgen,\N,Walt,Hansgen,1919-10-28,American,drivers_433
434,sharp,\N,Hap,Sharp,1928-01-01,American,drivers_434
435,mairesse,\N,Willy,Mairesse,1928-10-01,Belgian,drivers_435
436,campbell-jones,\N,John,Campbell-Jones,1930-01-21,British,drivers_436
437,burgess,\N,Ian,Burgess,1930-07-06,British,drivers_437
438,settember,\N,Tony,Settember,1926-07-10,American,drivers_438
439,estefano,\N,Nasif,Estéfano,1932-11-18,Argentine,drivers_439
440,hall,\N,Jim,Hall,1935-07-23,American,drivers_440
441,parnell,\N,Tim,Parnell,1932-06-25,British,drivers_441
442,kuhnke,\N,Kurt,Kuhnke,1910-04-30,German,drivers_442
443,ernesto_brambilla,\N,Ernesto,Brambilla,1934-01-31,Italian,drivers_443
444,lippi,\N,Roberto,Lippi,1926-10-17,Italian,drivers_444
445,seiffert,\N,Günther,Seiffert,1937-10-18,German,drivers_445
446,abate,\N,Carlo,Abate,1932-07-10,Italian,drivers_446
447,starrabba,\N,Gaetano,Starrabba,1932-12-03,Italian,drivers_447
448,broeker,\N,Peter,Broeker,1926-05-15,Canadian,drivers_448
449,ward,\N,Rodger,Ward,1921-01-10,American,drivers_449
450,vos,\N,Ernie,de Vos,1941-07-01,Dutch,drivers_450
451,dochnal,\N,Frank,Dochnal,1920-10-08,American,drivers_451
452,monarch,\N,Thomas,Monarch,1945-09-03,American,drivers_452
842,gasly,GAS,Pierre,Gasly,1996-02-07,French,drivers_453
453,lewis,\N,Jackie,Lewis,1936-11-01,British,drivers_454
454,ricardo_rodriguez,\N,Ricardo,Rodríguez,1942-02-14,Mexican,drivers_455
455,seidel,\N,Wolfgang,Seidel,1926-07-04,German,drivers_456
456,salvadori,\N,Roy,Salvadori,1922-05-12,British,drivers_457
457,pon,\N,Ben,Pon,1936-12-09,Dutch,drivers_458
458,slotemaker,\N,Rob,Slotemaker,1929-06-13,Dutch,drivers_459
459,marsh,\N,Tony,Marsh,1931-07-20,British,drivers_460
460,ashmore,\N,Gerry,Ashmore,1936-07-25,British,drivers_461
461,schiller,\N,Heinz,Schiller,1930-01-25,Swiss,drivers_462
462,davis,\N,Colin,Davis,1933-07-29,British,drivers_463
463,chamberlain,\N,Jay,Chamberlain,1925-12-29,American,drivers_464
464,shelly,\N,Tony,Shelly,1937-02-02,New Zealander,drivers_465
465,greene,\N,Keith,Greene,1938-01-05,British,drivers_466
466,walter,\N,Heini,Walter,1927-07-28,Swiss,drivers_467
467,prinoth,\N,Ernesto,Prinoth,1923-04-15,Italian,drivers_468
468,penske,\N,Roger,Penske,1937-02-20,American,drivers_469
469,schroeder,\N,Rob,Schroeder,1926-05-11,British,drivers_470
470,mayer,\N,Timmy,Mayer,1938-02-22,American,drivers_471
471,johnstone,\N,Bruce,Johnstone,1937-01-30,South African,drivers_472
472,harris,\N,Mike,Harris,1939-05-25,South African,drivers_473
473,hocking,\N,Gary,Hocking,1937-09-30,Rhodesian,drivers_474
474,vyver,\N,Syd,van der Vyver,1920-06-01,South African,drivers_475
475,moss,\N,Stirling,Moss,1929-09-17,British,drivers_476
476,trips,\N,Wolfgang,von Trips,1928-05-04,German,drivers_477
477,allison,\N,Cliff,Allison,1932-02-08,British,drivers_478
478,herrmann,\N,Hans,Herrmann,1928-02-23,German,drivers_479
479,brooks,\N,Tony,Brooks,1932-02-25,British,drivers_480
480,may,\N,Michael,May,1934-08-18,Swiss,drivers_481
481,henry_taylor,\N,Henry,Taylor,1932-12-16,British,drivers_482
482,gendebien,\N,Olivier,Gendebien,1924-01-12,Belgian,drivers_483
483,scarlatti,\N,Giorgio,Scarlatti,1921-10-02,Italian,drivers_484
484,naylor,\N,Brian,Naylor,1923-03-24,British,drivers_485
485,bordeu,\N,Juan Manuel,Bordeu,1934-01-28,Argentine,drivers_486
486,fairman,\N,Jack,Fairman,1913-03-15,British,drivers_487
487,natili,\N,Massimo,Natili,1935-07-28,Italian,drivers_488
488,monteverdi,\N,Peter,Monteverdi,1934-06-07,Swiss,drivers_489
489,pirocchi,\N,Renato,Pirocchi,1933-03-26,Italian,drivers_490
490,duke,\N,Geoff,Duke,1923-03-29,British,drivers_491
491,thiele,\N,Alfonso,Thiele,1920-04-05,American-Italian,drivers_492
492,boffa,\N,Menato,Boffa,1930-01-04,Italian,drivers_493
493,ryan,\N,Peter,Ryan,1940-06-10,Canadian,drivers_494
494,ruby,\N,Lloyd,Ruby,1928-01-12,American,drivers_495
495,ken_miles,\N,Ken,Miles,1918-11-01,British,drivers_496
496,menditeguy,\N,Carlos,Menditeguy,1914-08-10,Argentine,drivers_497
497,larreta,\N,Alberto Rodriguez,Larreta,1934-01-14,Argentine,drivers_498
498,gonzalez,\N,José Froilán,González,1922-10-05,Argentine,drivers_499
499,bonomi,\N,Roberto,Bonomi,1919-09-30,Argentine,drivers_500
500,munaron,\N,Gino,Munaron,1928-04-02,Italian,drivers_501
501,schell,\N,Harry,Schell,1921-06-29,American,drivers_502
502,stacey,\N,Alan,Stacey,1933-08-29,British,drivers_503
503,chimeri,\N,Ettore,Chimeri,1921-06-04,Venezuelan,drivers_504
504,creus,\N,Antonio,Creus,1924-10-28,Spanish,drivers_505
505,bristow,\N,Chris,Bristow,1937-12-02,British,drivers_506
506,halford,\N,Bruce,Halford,1931-05-18,British,drivers_507
507,daigh,\N,Chuck,Daigh,1923-11-29,American,drivers_508
508,reventlow,\N,Lance,Reventlow,1936-02-24,American,drivers_509
509,rathmann,\N,Jim,Rathmann,1928-07-16,American,drivers_510
510,goldsmith,\N,Paul,Goldsmith,1925-10-02,American,drivers_511
511,branson,\N,Don,Branson,1920-06-02,American,drivers_512
512,thomson,\N,Johnny,Thomson,1922-04-09,American,drivers_513
513,johnson,\N,Eddie,Johnson,1919-02-10,American,drivers_514
514,veith,\N,Bob,Veith,1926-11-01,American,drivers_515
515,tingelstad,\N,Bud,Tingelstad,1928-04-04,American,drivers_516
516,christie,\N,Bob,Christie,1924-04-04,American,drivers_517
517,amick,\N,Red,Amick,1929-01-19,American,drivers_518
518,darter,\N,Duane,Carter,1913-05-05,American,drivers_519
519,homeier,\N,Bill,Homeier,1918-08-31,American,drivers_520
520,hartley,\N,Gene,Hartley,1926-01-28,American,drivers_521
521,stevenson,\N,Chuck,Stevenson,1919-10-15,American,drivers_522
522,grim,\N,Bobby,Grim,1924-09-04,American,drivers_523
523,templeman,\N,Shorty,Templeman,1919-08-12,American,drivers_524
524,hurtubise,\N,Jim,Hurtubise,1932-12-05,American,drivers_525
525,bryan,\N,Jimmy,Bryan,1926-01-28,American,drivers_526
526,ruttman,\N,Troy,Ruttman,1930-03-11,American,drivers_527
527,sachs,\N,Eddie,Sachs,1927-05-28,American,drivers_528
528,freeland,\N,Don,Freeland,1925-03-25,American,drivers_529
529,bettenhausen,\N,Tony,Bettenhausen,1916-09-12,American,drivers_530
530,weiler,\N,Wayne,Weiler,1934-12-09,American,drivers_531
531,foyt,\N,Anthony,Foyt,1935-01-16,American,drivers_532
532,russo,\N,Eddie,Russo,1925-11-19,American,drivers_533
533,boyd,\N,Johnny,Boyd,1926-08-19,American,drivers_534
534,force,\N,Gene,Force,1916-06-15,American,drivers_535
535,mcwithey,\N,Jim,McWithey,1927-07-04,American,drivers_536
536,sutton,\N,Len,Sutton,1925-08-09,American,drivers_537
537,dick_rathmann,\N,Dick,Rathmann,1924-01-06,American,drivers_538
538,herman,\N,Al,Herman,1927-03-15,American,drivers_539
539,dempsey_wilson,\N,Dempsey,Wilson,1927-03-11,American,drivers_540
540,mike_taylor,\N,Mike,Taylor,1934-04-24,British,drivers_541
541,flockhart,\N,Ron,Flockhart,1923-06-16,British,drivers_542
542,piper,\N,David,Piper,1930-12-02,British,drivers_543
543,cabianca,\N,Giulio,Cabianca,1923-02-19,Italian,drivers_544
544,drogo,\N,Piero,Drogo,1926-08-08,Italian,drivers_545
545,gamble,\N,Fred,Gamble,1932-03-17,American,drivers_546
546,owen,\N,Arthur,Owen,1915-03-23,British,drivers_547
547,gould,\N,Horace,Gould,1918-09-20,British,drivers_548
548,drake,\N,Bob,Drake,1919-12-14,American,drivers_549
549,bueb,\N,Ivor,Bueb,1923-06-06,British,drivers_550
550,Changy,\N,Alain,de Changy,1922-02-05,Belgian,drivers_551
551,filippis,\N,Maria,de Filippis,1926-11-11,Italian,drivers_552
552,lucienbonnet,\N,Jean,Lucienbonnet,1923-01-07,French,drivers_553
553,testut,\N,André,Testut,1926-04-13,Monegasque,drivers_554
554,behra,\N,Jean,Behra,1921-02-16,French,drivers_555
555,paul_russo,\N,Paul,Russo,1914-04-10,American,drivers_556
556,daywalt,\N,Jimmy,Daywalt,1924-08-28,American,drivers_557
557,arnold,\N,Chuck,Arnold,1926-05-30,American,drivers_558
558,keller,\N,Al,Keller,1920-04-11,American,drivers_559
559,flaherty,\N,Pat,Flaherty,1926-01-06,American,drivers_560
560,cheesbourg,\N,Bill,Cheesbourg,1927-06-12,American,drivers_561
561,ray_crawford,\N,Ray,Crawford,1915-10-26,American,drivers_562
562,turner,\N,Jack,Turner,1920-02-12,American,drivers_563
563,weyant,\N,Chuck,Weyant,1923-04-03,American,drivers_564
564,larson,\N,Jud,Larson,1923-01-21,American,drivers_565
565,magill,\N,Mike,Magill,1920-02-08,American,drivers_566
566,shelby,\N,Carroll,Shelby,1923-01-11,American,drivers_567
567,orey,\N,Fritz,d'Orey,1938-03-25,Brazilian,drivers_568
568,fontes,\N,Azdrubal,Fontes,1922-12-26,Uruguayan,drivers_569
569,ashdown,\N,Peter,Ashdown,1934-10-16,British,drivers_570
570,bill_moss,\N,Bill,Moss,1933-09-04,British,drivers_571
571,dennis_taylor,\N,Dennis,Taylor,1921-06-12,British,drivers_572
572,blanchard,\N,Harry,Blanchard,1929-06-13,American,drivers_573
573,tomaso,\N,Alessandro,de Tomaso,1928-07-10,Argentine-Italian,drivers_574
574,constantine,\N,George,Constantine,1918-02-22,American,drivers_575
575,said,\N,Bob,Said,1932-05-05,American,drivers_576
576,cade,\N,Phil,Cade,1916-06-12,American,drivers_577
577,musso,\N,Luigi,Musso,1924-07-28,Italian,drivers_578
578,hawthorn,\N,Mike,Hawthorn,1929-04-10,British,drivers_579
579,fangio,\N,Juan,Fangio,1911-06-24,Argentine,drivers_580
580,godia,\N,Paco,Godia,1921-03-21,Spanish,drivers_581
581,collins,\N,Peter,Collins,1931-11-06,British,drivers_582
582,kavanagh,\N,Ken,Kavanagh,1923-12-12,Australian,drivers_583
583,gerini,\N,Gerino,Gerini,1928-08-10,Italian,drivers_584
584,kessler,\N,Bruce,Kessler,1936-03-23,American,drivers_585
585,emery,\N,Paul,Emery,1916-11-12,British,drivers_586
586,piotti,\N,Luigi,Piotti,1913-10-27,Italian,drivers_587
587,ecclestone,\N,Bernie,Ecclestone,1930-10-28,British,drivers_588
588,taramazzo,\N,Luigi,Taramazzo,1932-05-05,Italian,drivers_589
589,chiron,\N,Louis,Chiron,1899-08-03,Monegasque,drivers_590
590,lewis-evans,\N,Stuart,Lewis-Evans,1930-04-20,British,drivers_591
591,george_amick,\N,George,Amick,1924-10-24,American,drivers_592
592,reece,\N,Jimmy,Reece,1929-11-17,American,drivers_593
593,parsons,\N,Johnnie,Parsons,1918-07-04,American,drivers_594
594,tolan,\N,Johnnie,Tolan,1917-10-22,American,drivers_595
595,garrett,\N,Billy,Garrett,1933-04-24,American,drivers_596
596,elisian,\N,Ed,Elisian,1926-12-09,American,drivers_597
597,connor,\N,Pat,O'Connor,1928-10-09,American,drivers_598
598,jerry_unser,\N,Jerry,Unser,1932-11-15,American,drivers_599
599,bisch,\N,Art,Bisch,1926-11-10,American,drivers_600
600,goethals,\N,Christian,Goethals,1928-08-04,Belgian,drivers_601
601,gibson,\N,Dick,Gibson,1918-04-16,British,drivers_602
602,la_caze,\N,Robert,La Caze,1917-02-26,French,drivers_603
603,guelfi,\N,André,Guelfi,1919-05-06,French,drivers_604
604,picard,\N,François,Picard,1921-04-26,French,drivers_605
605,bridger,\N,Tom,Bridger,1934-06-24,British,drivers_606
606,portago,\N,Alfonso,de Portago,1928-10-11,Spanish,drivers_607
607,perdisa,\N,Cesare,Perdisa,1932-10-21,Italian,drivers_608
608,castellotti,\N,Eugenio,Castellotti,1930-10-10,Italian,drivers_609
609,simon,\N,André,Simon,1920-01-05,French,drivers_610
610,leston,\N,Les,Leston,1920-12-16,British,drivers_611
611,hanks,\N,Sam,Hanks,1914-07-13,American,drivers_612
612,linden,\N,Andy,Linden,1922-04-05,American,drivers_613
613,teague,\N,Marshall,Teague,1921-02-22,American,drivers_614
614,edmunds,\N,Don,Edmunds,1930-09-23,American,drivers_615
615,agabashian,\N,Fred,Agabashian,1913-08-21,American,drivers_616
616,george,\N,Elmer,George,1928-07-15,American,drivers_617
617,macdowel,\N,Mike,MacDowel,1932-09-13,British,drivers_618
618,mackay-fraser,\N,Herbert,MacKay-Fraser,1927-06-23,American,drivers_619
619,gerard,\N,Bob,Gerard,1914-01-19,British,drivers_620
620,maglioli,\N,Umberto,Maglioli,1928-06-05,Italian,drivers_621
621,england,\N,Paul,England,1929-03-28,Australian,drivers_622
622,landi,\N,Chico,Landi,1907-07-14,Brazilian,drivers_623
623,uria,\N,Alberto,Uria,1924-07-11,Uruguayan,drivers_624
624,ramos,\N,Hernando,da Silva Ramos,1925-12-07,Brazilian,drivers_625
625,bayol,\N,Élie,Bayol,1914-02-28,French,drivers_626
626,manzon,\N,Robert,Manzon,1917-04-12,French,drivers_627
627,rosier,\N,Louis,Rosier,1905-11-05,French,drivers_628
628,sweikert,\N,Bob,Sweikert,1926-05-20,American,drivers_629
629,griffith,\N,Cliff,Griffith,1916-02-06,American,drivers_630
630,dinsmore,\N,Duke,Dinsmore,1913-04-10,American,drivers_631
631,andrews,\N,Keith,Andrews,1920-06-15,American,drivers_632
632,frere,\N,Paul,Frère,1917-01-30,Belgian,drivers_633
633,villoresi,\N,Luigi,Villoresi,1909-05-16,Italian,drivers_634
634,scotti,\N,Piero,Scotti,1909-11-11,Italian,drivers_635
635,chapman,\N,Colin,Chapman,1928-05-19,British,drivers_636
636,titterington,\N,Desmond,Titterington,1928-05-01,British,drivers_637
637,scott_Brown,\N,Archie,Scott Brown,1927-05-13,British,drivers_638
638,volonterio,\N,Ottorino,Volonterio,1917-12-07,Swiss,drivers_639
639,milhoux,\N,André,Milhoux,1928-12-09,Belgian,drivers_640
640,graffenried,\N,Toulo,de Graffenried,1914-05-18,Swiss,drivers_641
641,taruffi,\N,Piero,Taruffi,1906-10-12,Italian,drivers_642
642,farina,\N,Nino,Farina,1906-10-30,Italian,drivers_643
643,mieres,\N,Roberto,Mieres,1924-12-03,Argentine,drivers_644
644,mantovani,\N,Sergio,Mantovani,1929-05-22,Italian,drivers_645
645,bucci,\N,Clemar,Bucci,1920-09-04,Argentine,drivers_646
646,iglesias,\N,Jesús,Iglesias,1922-02-22,Argentine,drivers_647
647,ascari,\N,Alberto,Ascari,1918-07-13,Italian,drivers_648
648,kling,\N,Karl,Kling,1910-09-16,German,drivers_649
649,birger,\N,Pablo,Birger,1924-01-07,Argentine,drivers_650
650,pollet,\N,Jacques,Pollet,1922-07-02,French,drivers_651
651,macklin,\N,Lance,Macklin,1919-09-02,British,drivers_652
652,whiteaway,\N,Ted,Whiteaway,1928-11-01,British,drivers_653
653,davies,\N,Jimmy,Davies,1929-08-08,American,drivers_654
654,faulkner,\N,Walt,Faulkner,1920-02-16,American,drivers_655
655,niday,\N,Cal,Niday,1914-04-29,American,drivers_656
656,cross,\N,Art,Cross,1918-01-24,American,drivers_657
657,vukovich,\N,Bill,Vukovich,1918-12-13,American,drivers_658
658,mcgrath,\N,Jack,McGrath,1919-10-08,American,drivers_659
659,hoyt,\N,Jerry,Hoyt,1929-01-29,American,drivers_660
660,claes,\N,Johnny,Claes,1916-08-11,Belgian,drivers_661
661,peter_walker,\N,Peter,Walker,1912-10-07,British,drivers_662
662,sparken,\N,Mike,Sparken,1930-06-16,French,drivers_663
663,wharton,\N,Ken,Wharton,1916-03-21,British,drivers_664
664,mcalpine,\N,Kenneth,McAlpine,1920-09-21,British,drivers_665
665,marr,\N,Leslie,Marr,1922-08-14,British,drivers_666
666,rolt,\N,Tony,Rolt,1918-10-16,British,drivers_667
667,fitch,\N,John,Fitch,1917-08-04,American,drivers_668
668,lucas,\N,Jean,Lucas,1917-04-25,French,drivers_669
669,bira,\N,Prince,Bira,1914-07-15,Thai,drivers_670
670,marimon,\N,Onofre,Marimón,1923-12-19,Argentine,drivers_671
671,loyer,\N,Roger,Loyer,1907-08-05,French,drivers_672
672,daponte,\N,Jorge,Daponte,1923-06-05,Argentine,drivers_673
673,nazaruk,\N,Mike,Nazaruk,1921-10-02,American,drivers_674
674,crockett,\N,Larry,Crockett,1926-10-23,American,drivers_675
675,ayulo,\N,Manny,Ayulo,1921-10-20,American,drivers_676
676,armi,\N,Frank,Armi,1918-10-12,American,drivers_677
677,webb,\N,Travis,Webb,1910-10-08,American,drivers_678
678,duncan,\N,Len,Duncan,1911-07-25,American,drivers_679
679,mccoy,\N,Ernie,McCoy,1921-02-19,American,drivers_680
680,swaters,\N,Jacques,Swaters,1926-10-30,American,drivers_681
681,georges_berger,\N,Georges,Berger,1918-09-14,Belgian,drivers_682
682,beauman,\N,Don,Beauman,1928-07-26,British,drivers_683
683,thorne,\N,Leslie,Thorne,1916-06-23,British,drivers_684
684,whitehouse,\N,Bill,Whitehouse,1909-04-01,British,drivers_685
685,riseley_prichard,\N,John,Riseley-Prichard,1924-01-17,British,drivers_686
686,reg_parnell,\N,Reg,Parnell,1911-07-02,British,drivers_687
687,whitehead,\N,Peter,Whitehead,1914-11-12,British,drivers_688
688,brandon,\N,Eric,Brandon,1920-07-18,British,drivers_689
689,alan_brown,\N,Alan,Brown,1919-11-20,British,drivers_690
690,nuckey,\N,Rodney,Nuckey,1929-06-26,British,drivers_691
691,lang,\N,Hermann,Lang,1909-04-06,German,drivers_692
692,helfrich,\N,Theo,Helfrich,1913-05-13,German,drivers_693
693,wacker,\N,Fred,Wacker,1918-07-10,American,drivers_694
694,riu,\N,Giovanni,de Riu,1925-03-10,Italian,drivers_695
695,galvez,\N,Oscar,Gálvez,1913-08-17,Argentine,drivers_696
696,john_barber,\N,John,Barber,1929-07-22,British,drivers_697
697,bonetto,\N,Felice,Bonetto,1903-06-09,Italian,drivers_698
698,cruz,\N,Adolfo,Cruz,1923-06-28,Argentine,drivers_699
699,nalon,\N,Duke,Nalon,1913-03-02,American,drivers_700
700,scarborough,\N,Carl,Scarborough,1914-07-03,American,drivers_701
701,holland,\N,Bill,Holland,1907-12-18,American,drivers_702
702,bob_scott,\N,Bob,Scott,1928-10-04,American,drivers_703
703,legat,\N,Arthur,Legat,1898-11-01,Belgian,drivers_704
704,cabantous,\N,Yves,Cabantous,1904-10-08,French,drivers_705
705,crook,\N,Tony,Crook,1920-02-16,British,drivers_706
706,jimmy_stewart,\N,Jimmy,Stewart,1931-03-06,British,drivers_707
707,ian_stewart,\N,Ian,Stewart,1929-07-15,British,drivers_708
708,duncan_hamilton,\N,Duncan,Hamilton,1920-04-30,British,drivers_709
709,klodwig,\N,Ernst,Klodwig,1903-05-23,East German,drivers_710
710,krause,\N,Rudolf,Krause,1907-03-30,East German,drivers_711
711,karch,\N,Oswald,Karch,1917-03-06,German,drivers_712
712,heeks,\N,Willi,Heeks,1922-02-13,German,drivers_713
713,fitzau,\N,Theo,Fitzau,1923-02-10,East German,drivers_714
714,adolff,\N,Kurt,Adolff,1921-11-05,German,drivers_715
715,bechem,\N,Günther,Bechem,1921-12-21,German,drivers_716
716,bauer,\N,Erwin,Bauer,1912-07-17,German,drivers_717
717,hans_stuck,\N,Hans,von Stuck,1900-12-27,German,drivers_718
718,loof,\N,Ernst,Loof,1907-07-04,German,drivers_719
719,scherrer,\N,Albert,Scherrer,1908-02-28,Swiss,drivers_720
720,terra,\N,Max,de Terra,1918-10-06,Swiss,drivers_721
721,hirt,\N,Peter,Hirt,1910-03-30,Swiss,drivers_722
722,carini,\N,Piero,Carini,1921-03-06,Italian,drivers_723
723,fischer,\N,Rudi,Fischer,1912-04-19,Swiss,drivers_724
724,ulmen,\N,Toni,Ulmen,1906-01-25,German,drivers_725
725,abecassis,\N,George,Abecassis,1913-03-21,British,drivers_726
726,george_connor,\N,George,Connor,1906-08-16,American,drivers_727
727,rigsby,\N,Jim,Rigsby,1923-06-06,American,drivers_728
728,james,\N,Joe,James,1925-05-23,American,drivers_729
729,schindler,\N,Bill,Schindler,1909-03-06,American,drivers_730
730,fonder,\N,George,Fonder,1917-06-22,American,drivers_731
731,banks,\N,Henry,Banks,1913-06-14,American,drivers_732
732,mcdowell,\N,Johnny,McDowell,1915-01-29,American,drivers_733
733,miller,\N,Chet,Miller,1902-07-19,American,drivers_734
734,ball,\N,Bobby,Ball,1925-08-26,American,drivers_735
735,tornaco,\N,Charles,de Tornaco,1927-06-07,Belgian,drivers_736
736,laurent,\N,Roger,Laurent,1913-02-21,Belgian,drivers_737
737,obrien,\N,Robert,O'Brien,1908-04-11,American,drivers_738
738,gaze,\N,Tony,Gaze,1920-02-03,Australian,drivers_739
739,charrington,\N,Robin,Montgomerie-Charrington,1915-06-23,British,drivers_740
740,comotti,\N,Franco,Comotti,1906-07-24,Italian,drivers_741
741,etancelin,\N,Philippe,Étancelin,1896-12-28,French,drivers_742
742,poore,\N,Dennis,Poore,1916-08-19,British,drivers_743
743,thompson,\N,Eric,Thompson,1919-11-04,British,drivers_744
744,downing,\N,Ken,Downing,1917-12-05,British,drivers_745
745,graham_whitehead,\N,Graham,Whitehead,1922-04-15,British,drivers_746
746,bianco,\N,Gino,Bianco,1916-07-22,Brazilian,drivers_747
747,murray,\N,David,Murray,1909-12-28,British,drivers_748
748,cantoni,\N,Eitel,Cantoni,1906-10-04,Uruguayan,drivers_749
749,aston,\N,Bill,Aston,1900-03-29,British,drivers_750
750,brudes,\N,Adolf,Brudes,1899-10-15,German,drivers_751
751,riess,\N,Fritz,Riess,1922-07-11,German,drivers_752
752,niedermayr,\N,Helmut,Niedermayr,1915-11-29,German,drivers_753
753,klenk,\N,Hans,Klenk,1919-10-28,German,drivers_754
754,balsa,\N,Marcel,Balsa,1909-01-01,French,drivers_755
755,schoeller,\N,Rudolf,Schoeller,1902-04-27,Swiss,drivers_756
756,pietsch,\N,Paul,Pietsch,1911-06-20,German,drivers_757
757,peters,\N,Josef,Peters,1914-09-16,German,drivers_758
758,lof,\N,Dries,van der Lof,1919-08-23,Dutch,drivers_759
759,flinterman,\N,Jan,Flinterman,1919-10-02,Dutch,drivers_760
760,dusio,\N,Piero,Dusio,1899-10-13,Italian,drivers_761
761,crespo,\N,Alberto,Crespo,1920-01-16,Argentine,drivers_762
762,rol,\N,Franco,Rol,1908-06-05,Italian,drivers_763
763,sanesi,\N,Consalvo,Sanesi,1911-03-28,Italian,drivers_764
764,guy_mairesse,\N,Guy,Mairesse,1910-08-10,French,drivers_765
765,louveau,\N,Henri,Louveau,1910-01-25,French,drivers_766
766,wallard,\N,Lee,Wallard,1910-09-07,American,drivers_767
767,forberg,\N,Carl,Forberg,1911-03-04,American,drivers_768
768,rose,\N,Mauri,Rose,1906-05-26,American,drivers_769
769,mackey,\N,Bill,Mackey,1927-12-15,American,drivers_770
770,green,\N,Cecil,Green,1919-09-30,American,drivers_771
771,walt_brown,\N,Walt,Brown,1911-12-30,American,drivers_772
772,hellings,\N,Mack,Hellings,1915-09-14,American,drivers_773
773,levegh,\N,Pierre,Levegh,1905-12-22,French,drivers_774
774,chaboud,\N,Eugène,Chaboud,1907-04-12,French,drivers_775
775,gordini,\N,Aldo,Gordini,1921-05-20,French,drivers_776
776,kelly,\N,Joe,Kelly,1913-03-13,Irish,drivers_777
777,parker,\N,Philip,Fotheringham-Parker,1907-09-22,British,drivers_778
778,shawe_taylor,\N,Brian,Shawe Taylor,1915-01-28,British,drivers_779
779,john_james,\N,John,James,1914-05-10,British,drivers_780
780,branca,\N,Toni,Branca,1916-09-15,Swiss,drivers_781
781,richardson,\N,Ken,Richardson,1911-08-21,British,drivers_782
782,jover,\N,Juan,Jover,1903-11-23,Spanish,drivers_783
783,grignard,\N,Georges,Grignard,1905-07-25,French,drivers_784
784,hampshire,\N,David,Hampshire,1917-12-29,British,drivers_785
785,crossley,\N,Geoff,Crossley,1921-05-11,British,drivers_786
786,fagioli,\N,Luigi,Fagioli,1898-06-09,Italian,drivers_787
787,harrison,\N,Cuth,Harrison,1906-07-06,British,drivers_788
788,fry,\N,Joe,Fry,1915-10-26,British,drivers_789
789,martin,\N,Eugène,Martin,1915-03-24,French,drivers_790
790,leslie_johnson,\N,Leslie,Johnson,1912-03-22,British,drivers_791
791,biondetti,\N,Clemente,Biondetti,1898-08-18,Italian,drivers_792
792,pian,\N,Alfredo,Pián,1912-10-21,Argentine,drivers_793
793,sommer,\N,Raymond,Sommer,1906-08-31,French,drivers_794
794,chitwood,\N,Joie,Chitwood,1912-04-14,American,drivers_795
795,fohr,\N,Myron,Fohr,1912-06-17,American,drivers_796
796,ader,\N,Walt,Ader,1913-12-15,American,drivers_797
797,holmes,\N,Jackie,Holmes,1920-09-04,American,drivers_798
798,levrett,\N,Bayliss,Levrett,1914-02-14,American,drivers_799
799,jackson,\N,Jimmy,Jackson,1910-07-25,American,drivers_800
800,pagani,\N,Nello,Pagani,1911-10-11,Italian,drivers_801
801,pozzi,\N,Charles,Pozzi,1909-08-27,French,drivers_802
802,serafini,\N,Dorino,Serafini,1909-07-22,Italian,drivers_803
803,cantrell,\N,Bill,Cantrell,1908-01-31,American,drivers_804
804,mantz,\N,Johnny,Mantz,1918-09-18,American,drivers_805
805,kladis,\N,Danny,Kladis,1917-02-10,American,drivers_806
806,oscar_gonzalez,\N,Óscar,González,1923-11-10,Uruguayan,drivers_807
807,hulkenberg,HUL,Nico,Hülkenberg,1987-08-19,German,drivers_808
808,petrov,PET,Vitaly,Petrov,1984-09-08,Russian,drivers_809
810,grassi,DIG,Lucas,di Grassi,1984-08-11,Brazilian,drivers_810
811,bruno_senna,SEN,Bruno,Senna,1983-10-15,Brazilian,drivers_811
812,chandhok,CHA,Karun,Chandhok,1984-01-19,Indian,drivers_812
813,maldonado,MAL,Pastor,Maldonado,1985-03-09,Venezuelan,drivers_813
814,resta,DIR,Paul,di Resta,1986-04-16,British,drivers_814
815,perez,PER,Sergio,Pérez,1990-01-26,Mexican,drivers_815
816,ambrosio,DAM,Jérôme,d'Ambrosio,1985-12-27,Belgian,drivers_816
817,ricciardo,RIC,Daniel,Ricciardo,1989-07-01,Australian,drivers_817
818,vergne,VER,Jean-Éric,Vergne,1990-04-25,French,drivers_818
819,pic,PIC,Charles,Pic,1990-02-15,French,drivers_819
820,chilton,CHI,Max,Chilton,1991-04-21,British,drivers_820
821,gutierrez,GUT,Esteban,Gutiérrez,1991-08-05,Mexican,drivers_821
822,bottas,BOT,Valtteri,Bottas,1989-08-28,Finnish,drivers_822
823,garde,VDG,Giedo,van der Garde,1985-04-25,Dutch,drivers_823
824,jules_bianchi,BIA,Jules,Bianchi,1989-08-03,French,drivers_824
825,kevin_magnussen,MAG,Kevin,Magnussen,1992-10-05,Danish,drivers_825
826,kvyat,KVY,Daniil,Kvyat,1994-04-26,Russian,drivers_826
827,lotterer,LOT,André,Lotterer,1981-11-19,German,drivers_827
828,ericsson,ERI,Marcus,Ericsson,1990-09-02,Swedish,drivers_828
829,stevens,STE,Will,Stevens,1991-06-28,British,drivers_829
830,max_verstappen,VER,Max,Verstappen,1997-09-30,Dutch,drivers_830
831,nasr,NAS,Felipe,Nasr,1992-08-21,Brazilian,drivers_831
832,sainz,SAI,Carlos,Sainz,1994-09-01,Spanish,drivers_832
833,merhi,MER,Roberto,Merhi,1991-03-22,Spanish,drivers_833
834,rossi,RSS,Alexander,Rossi,1991-09-25,American,drivers_834
835,jolyon_palmer,PAL,Jolyon,Palmer,1991-01-20,British,drivers_835
836,wehrlein,WEH,Pascal,Wehrlein,1994-10-18,German,drivers_836
837,haryanto,HAR,Rio,Haryanto,1993-01-22,Indonesian,drivers_837
838,vandoorne,VAN,Stoffel,Vandoorne,1992-03-26,Belgian,drivers_838
839,ocon,OCO,Esteban,Ocon,1996-09-17,French,drivers_839
840,stroll,STR,Lance,Stroll,1998-10-29,Canadian,drivers_840
841,giovinazzi,GIO,Antonio,Giovinazzi,1993-12-14,Italian,drivers_841
843,brendon_hartley,HAR,Brendon,Hartley,1989-11-10,New Zealander,drivers_842
844,leclerc,LEC,Charles,Leclerc,1997-10-16,Monegasque,drivers_843
845,sirotkin,SIR,Sergey,Sirotkin,1995-08-27,Russian,drivers_844
846,norris,NOR,Lando,Norris,1999-11-13,British,drivers_845
847,russell,RUS,George,Russell,1998-02-15,British,drivers_846
848,albon,ALB,Alexander,Albon,1996-03-23,Thai,drivers_847
849,latifi,LAT,Nicholas,Latifi,1995-06-29,Canadian,drivers_848
850,pietro_fittipaldi,FIT,Pietro,Fittipaldi,1996-06-25,Brazilian,drivers_849
851,aitken,AIT,Jack,Aitken,1995-09-23,British,drivers_850
852,tsunoda,TSU,Yuki,Tsunoda,2000-05-11,Japanese,drivers_851
853,mazepin,MAZ,Nikita,Mazepin,1999-03-02,Russian,drivers_852
854,mick_schumacher,MSC,Mick,Schumacher,1999-03-22,German,drivers_853
855,zhou,ZHO,Guanyu,Zhou,1999-05-30,Chinese,drivers_854
856,de_vries,DEV,Nyck,de Vries,1995-02-06,Dutch,drivers_855
857,piastri,PIA,Oscar,Piastri,2001-04-06,Australian,drivers_856
858,sargeant,SAR,Logan,Sargeant,2000-12-31,American,drivers_857
